#,Section,English / meaning,Odia,Machine read-back (phrases),Odia OK? (Y/N),Correction
1,Number word,1,ଏକ,,,
2,Number word,2,ଦୁଇ,,,
3,Number word,3,ତିନି,,,
4,Number word,4,ଚାରି,,,
5,Number word,5,ପାଞ୍ଚ,,,
6,Number word,6,ଛଅ,,,
7,Number word,7,ସାତ,,,
8,Number word,8,ଆଠ,,,
9,Number word,9,ନଅ,,,
10,Number word,10,ଦଶ,,,
11,Number word,11,ଏଗାର,,,
12,Number word,12,ବାର,,,
13,Number word,13,ତେର,,,
14,Number word,14,ଚଉଦ,,,
15,Number word,15,ପନ୍ଦର,,,
16,Number word,16,ଷୋହଳ,,,
17,Number word,17,ସତର,,,
18,Number word,18,ଅଠର,,,
19,Number word,19,ଉଣେଇଶି,,,
20,Number word,20,କୋଡ଼ିଏ,,,
21,Number word,21,ଏକୋଇଶି,,,
22,Number word,22,ବାଇଶି,,,
23,Number word,23,ତେଇଶି,,,
24,Number word,24,ଚବିଶି,,,
25,Number word,25,ପଚିଶି,,,
26,Number word,26,ଛବିଶି,,,
27,Number word,27,ସତାଇଶି,,,
28,Number word,28,ଅଠାଇଶି,,,
29,Number word,29,ଅଣତିରିଶି,,,
30,Number word,30,ତିରିଶି,,,
31,Number word,31,ଏକତିରିଶି,,,
32,Number word,32,ବତିଶି,,,
33,Number word,33,ତେତିଶି,,,
34,Number word,34,ଚଉତିରିଶି,,,
35,Number word,35,ପଞ୍ଚତିରିଶି,,,
36,Number word,36,ଛତିଶି,,,
37,Number word,37,ସଇଁତିରିଶି,,,
38,Number word,38,ଅଠତିରିଶି,,,
39,Number word,39,ଅଣଚାଳିଶି,,,
40,Number word,40,ଚାଳିଶି,,,
41,Number word,41,ଏକଚାଳିଶି,,,
42,Number word,42,ବୟାଳିଶି,,,
43,Number word,43,ତେୟାଳିଶି,,,
44,Number word,44,ଚଉରାଳିଶି,,,
45,Number word,45,ପଞ୍ଚଚାଳିଶି,,,
46,Number word,46,ଛୟାଳିଶି,,,
47,Number word,47,ସତଚାଳିଶି,,,
48,Number word,48,ଅଠଚାଳିଶି,,,
49,Number word,49,ଅଣଚାଶ,,,
50,Number word,50,ପଚାଶ,,,
51,Number word,51,ଏକାବନ,,,
52,Number word,52,ବାଉନ,,,
53,Number word,53,ତେପନ,,,
54,Number word,54,ଚଉବନ,,,
55,Number word,55,ପଞ୍ଚାବନ,,,
56,Number word,56,ଛପନ,,,
57,Number word,57,ସତାବନ,,,
58,Number word,58,ଅଠାବନ,,,
59,Number word,59,ଅଣଷଠି,,,
60,Number word,60,ଷାଠିଏ,,,
61,Number word,61,ଏକଷଠି,,,
62,Number word,62,ବାଷଠି,,,
63,Number word,63,ତେଷଠି,,,
64,Number word,64,ଚଉଷଠି,,,
65,Number word,65,ପଞ୍ଚଷଠି,,,
66,Number word,66,ଛଅଷଠି,,,
67,Number word,67,ସତଷଠି,,,
68,Number word,68,ଅଠଷଠି,,,
69,Number word,69,ଅଣସ୍ତରି,,,
70,Number word,70,ସତୁରି,,,
71,Number word,71,ଏକସ୍ତରି,,,
72,Number word,72,ବାସ୍ତରି,,,
73,Number word,73,ତେସ୍ତରି,,,
74,Number word,74,ଚଉସ୍ତରି,,,
75,Number word,75,ପଞ୍ଚସ୍ତରି,,,
76,Number word,76,ଛସ୍ତରି,,,
77,Number word,77,ସତସ୍ତରି,,,
78,Number word,78,ଅଠସ୍ତରି,,,
79,Number word,79,ଅଣାଅଶୀ,,,
80,Number word,80,ଅଶୀ,,,
81,Number word,81,ଏକାଅଶୀ,,,
82,Number word,82,ବୟାଅଶୀ,,,
83,Number word,83,ତେୟାଅଶୀ,,,
84,Number word,84,ଚଉରାଅଶୀ,,,
85,Number word,85,ପଞ୍ଚାଅଶୀ,,,
86,Number word,86,ଛୟାଅଶୀ,,,
87,Number word,87,ସତାଅଶୀ,,,
88,Number word,88,ଅଠାଅଶୀ,,,
89,Number word,89,ଅଣାନବେ,,,
90,Number word,90,ନବେ,,,
91,Number word,91,ଏକାନବେ,,,
92,Number word,92,ବୟାନବେ,,,
93,Number word,93,ତେୟାନବେ,,,
94,Number word,94,ଚଉରାନବେ,,,
95,Number word,95,ପଞ୍ଚାନବେ,,,
96,Number word,96,ଛୟାନବେ,,,
97,Number word,97,ସତାନବେ,,,
98,Number word,98,ଅଠାନବେ,,,
99,Number word,99,ଅନେଶତ,,,
100,Number word,100,ଶହେ,,,
101,Spoken spelling rewrite,spoken spelling of fever,"(?<!\S)ଜର(?=\s|$|[,.?!।])  →  ଜ୍ୱର",,,
102,Spoken spelling rewrite,speech recognition's ଵ for the silent ୱ,୍ଵ  →  ୍ୱ,,,
103,Spoken spelling rewrite,spoken spelling of ଝାଡ଼ା,(?<!\S)ଝାଡ଼?(?=\s+(?:ହେଉଛି|ହଉଛି|ଲାଗୁଛି|ହେଲାଣି|ହେଉଥିଲା))  →  ଝାଡ଼ା,,,
104,Spoken spelling rewrite,loose stools and vomiting,ଝାଡ଼?ାବାନ୍ତି  →  ଅତିସାର ଓ ବାନ୍ତି,,,
105,Spoken spelling rewrite,in the stool,ଝାଡ଼?ାରେ  →  ମଳରେ,,,
106,Spoken spelling rewrite,no stool passed,ଝାଡ଼?ା(\s+(?:ବି\s+)?)(?:ହୋଇନି|ହେଉନି|ହେଉ ନାହିଁ|ହୋଇ ନାହିଁ|ହଉନି|ନାହିଁ)  →  ମଳ\1ବାହାରୁ ନାହିଁ,,,
107,Spoken spelling rewrite,loose stools,"(?<!\S)ଝାଡ଼?ା(?=\s|$|[,.?!।])  →  ଅତିସାର",,,
108,Symptom words,chest_pain,ଛାତି … ଯନ୍ତ୍ରଣା | ଛାତି … ବିନ୍ଧ | ଛାତି … ଦରଜ | ଛାତି … ଦରଦ | ଛାତି … ଦର୍ଦ | ଛାତି … ଭାରି | ଛାତି … ଚାପି,,,
109,Symptom words,chest_pain_radiating,ହାତକୁ ଯାଉଛି | ବାହୁକୁ | ଜହ୍ନ,,,
110,Symptom words,sweating,ଝାଳ,,,
111,Symptom words,breathless,ନିଶ୍ୱାସ … କଷ୍ଟ | ଶ୍ୱାସ … କଷ୍ଟ | ଶ୍ୱାସକଷ୍ଟ | ନିଶ୍ୱାସ ନେଇ ପାରୁନି | ନିଶ୍ୱାସ ନେଇପାରୁନି | ନିଶ୍ୱାସ ଫୁଲୁଛି | ନିଶ୍ୱାସ ଫୁଲେ | ଦମ୍ ଫୁଲୁଛି | ଦମ୍ … ଲାଗୁଛି,,,
112,Symptom words,cough,^କାଶ,,,
113,Symptom words,haemoptysis,କାଶରେ ରକ୍ତ,,,
114,Symptom words,wheeze,ସିଟି ଭଳି ଶବ୍ଦ,,,
115,Symptom words,cyanosis,ଓଠ ନୀଳ | ନୀଳ ଓଠ,,,
116,Symptom words,angioedema_face,ଓଠ ଫୁଲିଛି | ମୁହଁ ଫୁଲିଛି,,,
117,Symptom words,swelling_mouth_neck,ବେକ ଫୁଲିଛି | ଗଳା ଫୁଲିଛି,,,
118,Symptom words,cold_extremities,ହାତ ଗୋଡ଼ ଥଣ୍ଡା,,,
119,Symptom words,bleeding,ରକ୍ତ ବାହାରୁଛି | ରକ୍ତସ୍ରାବ | ରକ୍ତ ପଡ଼ୁଛି,,,
120,Symptom words,bleeding_heavy,ବହୁତ ରକ୍ତ | ରକ୍ତ ବନ୍ଦ ହେଉନି,,,
121,Symptom words,epistaxis,ନାକରୁ ରକ୍ତ,,,
122,Symptom words,gum_bleed,ଦାନ୍ତ ମାଢ଼ିରୁ ରକ୍ତ,,,
123,Symptom words,haematemesis,ବାନ୍ତିରେ ରକ୍ତ | ରକ୍ତ ବାନ୍ତି,,,
124,Symptom words,blood_in_stool,ଝାଡ଼ାରେ ରକ୍ତ,,,
125,Symptom words,syncope,ମୂର୍ଚ୍ଛା | ବେହୋସ ହୋଇଗଲେ | ବେହୋସ ହୋଇଗଲା,,,
126,Symptom words,unresponsive,ଚେତାଶୂନ୍ୟ | ହୋସ୍ ନାହିଁ | ବେହୋସ ଅଛି,,,
127,Symptom words,altered_mental_status,ଭ୍ରମ | ଠିକ୍ ସେ କଥା କହୁନି,,,
128,Symptom words,lethargy,ଅଳସୁଆ | ବହୁତ ନିଦ,,,
129,Symptom words,irritable,ଅସ୍ଥିର,,,
130,Symptom words,seizure,ମିର୍ଗୀ | ଝଟକା | ଝିଙ୍କି,,,
131,Symptom words,one_sided_weakness,ପକ୍ଷାଘାତ | ଗୋଟିଏ ପଟ ଦୁର୍ବଳ | ମୁହଁ ବାଙ୍କି | କଥା ଅସ୍ପଷ୍ଟ | କଥା ଜଡ଼ି,,,
132,Symptom words,limb_weakness,ହାତ … ଦୁର୍ବଳ | ଗୋଡ଼ … ଦୁର୍ବଳ,,,
133,Symptom words,weakness_general,ବହୁତ ଦୁର୍ବଳ | ଚାଲି ପାରୁନି,,,
134,Symptom words,headache,ମୁଣ୍ଡବିନ୍ଧ | ମୁଣ୍ଡ … ବିନ୍ଧ | ମୁଣ୍ଡ … ଯନ୍ତ୍ରଣା | ମୁଣ୍ଡ … ଦରଜ | ମୁଣ୍ଡ … ଦରଦ | ମୁଣ୍ଡ … ଦର୍ଦ,,,
135,Symptom words,headache_sudden,ହଠାତ୍ ମୁଣ୍ଡବିନ୍ଧା | ହଠାତ୍ … ମୁଣ୍ଡ | ହଠାତ … ମୁଣ୍ଡ | ସବୁଠୁ … ମୁଣ୍ଡ,,,
136,Symptom words,visual_disturbance,ଝାପ୍ସା | ଦେଖିପାରୁନି,,,
137,Symptom words,stiff_neck,ବେକ ଟାଣି,,,
138,Symptom words,agitated,ହିଂସ୍ର,,,
139,Symptom words,fever,^ଜ୍ୱର$ | ^ଜ୍ୱରରେ$ | ^ଜ୍ୱରଟା$ | ଦେହ … ଗରମ | ଦେହ … ତାତି,,,
140,Symptom words,abdominal_pain,ପେଟ … ବିନ୍ଧ | ପେଟ … ଯନ୍ତ୍ରଣା | ପେଟ … ଦରଜ | ପେଟ … ଦରଦ | ପେଟ … ଦର୍ଦ,,,
141,Symptom words,abdominal_pain_sudden,ହଠାତ୍ ପେଟ,,,
142,Symptom words,upper_abdominal_pain,ପେଟ ଉପରେ,,,
143,Symptom words,vomiting,ବାନ୍ତି,,,
144,Symptom words,vomits_everything,ସବୁ ବାନ୍ତି | ପାଣି ବି ରହୁନି | କିଛି ରହୁନି,,,
145,Symptom words,diarrhoea,ଝାଡ଼ା | ପତଳା ଝାଡ଼ା | ^ଝାଡ଼ ହେଉଛି | ^ଝାଡ଼ ହଉଛି | ^ଝାଡ଼ ଲାଗୁଛି | ^ଝାଡ଼ ହେଲାଣି,,,
146,Symptom words,unable_to_drink,କ୍ଷୀର ପିଉନି | ପାଣି ପିଉନି,,,
147,Symptom words,sunken_eyes,ଆଖି ପଶିଯାଇଛି,,,
148,Symptom words,dehydration,ପାଣି ଅଭାବ | ପାଟି ଶୁଖି,,,
149,Symptom words,urinary_retention,ପରିସ୍ରା ହେଉନି | ପରିସ୍ରା ବନ୍ଦ,,,
150,Symptom words,scrotal_pain,ଅଣ୍ଡକୋଷ,,,
151,Symptom words,rash,ଚର୍ମରେ ଦାଗ | ଫୋଟକା,,,
152,Symptom words,malnutrition,ପୁଷ୍ଟିହୀନ,,,
153,Symptom words,weight_loss,ଓଜନ … କମ | ଓଜନ … ହ୍ରାସ | ପତଳା ହୋଇ,,,
154,Symptom words,night_sweats,ରାତି … ଝାଳ,,,
155,Symptom words,fatigue,କ୍ଳାନ୍ତ | କ୍ଲାନ୍ତ | ଥକା ଲାଗୁ | ଥକି ଯାଉ,,,
156,Symptom words,pain,ଯନ୍ତ୍ରଣା | ବିନ୍ଧା | ବିନ୍ଧୁ | ଦରଜ | ଦରଦ | ଦର୍ଦ,,,
157,Symptom words,injury,ଆଘାତ | କ୍ଷତ | ଦୁର୍ଘଟଣା | କଟିଗଲା | କଟି ଯାଇଛି,,,
158,Symptom words,burn,ପୋଡ଼ି | ଜଳିଗଲା,,,
159,Symptom words,burn_major,ଦୁଇ ହାତ … ପୋଡ଼ | ଦୁଇ ଗୋଡ଼ … ପୋଡ଼ | ମୁହଁ … ପୋଡ଼ | ବେକ … ପୋଡ଼ | ସାରା ଦେହ … ପୋଡ଼,,,
160,Symptom words,anticoagulated,ରକ୍ତ ପତଳା କରିବା ଔଷଧ | ରକ୍ତ ପତଳା ଔଷଧ | ହିମୋଫିଲିଆ,,,
161,Symptom words,asthma,ଶ୍ୱାସ ରୋଗ | ଆଜମା | ଆସ୍ଥମା | ହାପଜ୍ୱର,,,
162,Symptom words,jaundice,ଜଣ୍ଡିସ | ଆଖି ହଳଦିଆ | କାମଳ,,,
163,Symptom words,haematuria,ପରିସ୍ରାରେ ରକ୍ତ | ପରିସ୍ରା … ରକ୍ତ,,,
164,Symptom words,head_injury,ମୁଣ୍ଡରେ ଆଘାତ,,,
165,Symptom words,fall_from_height,ଗଛରୁ ପଡ଼ି | ଛାତରୁ ପଡ଼ି | ଉଚ୍ଚରୁ ପଡ଼ି,,,
166,Symptom words,road_traffic_high_risk,ଗାଡ଼ି ଧକ୍କା | ଟ୍ରକ୍ ଧକ୍କା,,,
167,Symptom words,penetrating_injury,ଛୁରୀ | ଗୁଳି,,,
168,Symptom words,crush_injury,ଚାପି ହୋଇଗଲା,,,
169,Symptom words,limb_deformity,ହାଡ଼ ଭାଙ୍ଗି,,,
170,Symptom words,drowning_hanging_electrocution,ବୁଡ଼ି | ଫାଶୀ | କରେଣ୍ଟ | ବିଜୁଳି,,,
171,Symptom words,snake_bite,ସାପ କାମୁଡ଼ି | ସାପ କାମୁଡ଼ା | ସର୍ପଦଂଶନ,,,
172,Symptom words,animal_bite,କୁକୁର କାମୁଡ଼ି | ମାଙ୍କଡ଼ କାମୁଡ଼ି,,,
173,Symptom words,poisoning,ବିଷ ଖାଇ | ବିଷ ପିଇ | ବିଷାକ୍ତ | କୀଟନାଶକ,,,
174,Symptom words,needle_stick,ଛୁଞ୍ଚି ଫୋଡ଼ି,,,
175,Symptom words,allergic_reaction,ଆଲର୍ଜି,,,
176,Symptom words,sexual_assault,ଧର୍ଷଣ | ଯୌନ ନିର୍ଯାତନା,,,
177,Symptom words,pregnant,ଗର୍ଭବତୀ,,,
178,Symptom words,vaginal_bleeding,ଯୋନିରୁ ରକ୍ତ,,,
179,Symptom words,reduced_fetal_movement,ଶିଶୁ କମ୍ ହଲୁଛି | ଶିଶୁ ହଲୁନି,,,
180,Symptom words,fluid_leaking,ପାଣି ବାହାରୁଛି,,,
181,Symptom words,labour_pains,ପ୍ରସବ ଯନ୍ତ୍ରଣା,,,
182,Symptom words,swelling_face_hands,ମୁହଁ ଫୁଲିଛି | ହାତ ଫୁଲିଛି,,,
183,Symptom words,known_time_sensitive_dx,ହୃଦଘାତ,,,
184,Symptom words,chills,ଥରି,,,
185,Symptom words,dysuria,ପରିସ୍ରାରେ ଜଳା,,,
186,Symptom words,chemo_recent,କେମୋ,,,
187,Screen phrase (check first),before you come,ଆସିବା ପୂର୍ବରୁ,Prior to the arrival of,,
188,Screen phrase (check first),Checked in,ଚେକ୍-ଇନ୍ ହେଲା,Check-in is done,,
189,Screen phrase (check first),No match,କିଛି ମିଳିଲା ନାହିଁ,Nothing found,,
190,Screen phrase (check first),For filling in from home,ଘରୁ ପୂରଣ କରିବା ପାଇଁ,to fill in the house.,,
191,Screen phrase (check first),Voice transcript,କଥାରୁ ଲେଖାଯାଇଥିବା ପାଠ,Text from the Word,,
192,Screen phrase (check first),Reached,ଯୋଗାଯୋଗ ହେଲା,Contact made,,
193,Screen phrase (check first),Voice on,ସ୍ୱର ଚାଲୁ,turn up the volume,,
194,Screen phrase (check first),Speak,କୁହନ୍ତୁ,tell me,,
195,Screen phrase (check first),Danger signs from,ବିପଦ ସଙ୍କେତର ଉତ୍ସ,The source of the risk index,,
196,Screen phrase (check first),Earlier calls,ପୂର୍ବ କଲ୍,Previous call,,
197,Screen phrase (check first),Noted,ଲେଖାଗଲା,It's been written,,
198,Screen phrase (check first),Hang up,କଲ୍ କାଟନ୍ତୁ,Cut the call,,
199,Screen phrase (check first),{n} flags,{n}ଟି ସତର୍କତା,{n} warnings,,
200,Screen phrase (check first),Borderline,ସୀମା ପାଖରେ,near the border.,,
201,Screen phrase (check first),Also,ଆହୁରି,More,,
202,Screen phrase (check first),Files,ଫାଇଲ୍,File,,
203,Screen phrase (check first),Answers,ଉତ୍ତର,Answer,,
204,Screen phrase (check first),Audible wheeze,ଶୁଣାଯାଉଥିବା ସାଁ ସାଁ ଶବ୍ଦ (ହ୍ୱିଜ୍),Hearing Sounds (Whisks),,
205,Screen phrase (check first),SpO₂ below 90%,SpO₂ 90% ରୁ କମ୍,SpO2 less than 90%,,
206,Screen phrase (check first),Acute urinary retention,ହଠାତ୍ ପରିସ୍ରା ବନ୍ଦ ହୋଇଯିବା,Sudden stoppage of urine,,
207,Screen phrase (check first),Stridor,ଷ୍ଟ୍ରାଇଡର୍ (ନିଶ୍ୱାସରେ ସିଟି ପରି ଶବ୍ଦ),Strider (sounds like city in breath),,
208,Screen phrase (check first),Active convulsions,ଚାଲୁଥିବା ଅପସ୍ମାର / ଝଟକା,Ongoing epilepsy / shock,,
209,Screen phrase (check first),Threatened limb,ଅଙ୍ଗ ବିପଦରେ,organs at risk.,,
210,Screen phrase (check first),Wheezing,ସାଁ ସାଁ ଶବ୍ଦ (ହ୍ୱିଜ୍),Saan Saan word (Whis),,
211,Screen phrase (check first),Vomits everything or ongoing diarrhoea,ସବୁକିଛି ବାନ୍ତି କରିଦେବା କିମ୍ବା ଲଗାତାର ତରଳ ଝାଡ଼ା,Nausea or vomiting all the time,,
212,Screen phrase (check first),Severe pallor,ଅତ୍ୟଧିକ ଫିକା ପଡ଼ିବା,Excessive fainting,,
213,Screen phrase (check first),Acute focal neurological complaint,ହଠାତ୍ ଗୋଟିଏ ଅଙ୍ଗ/ଅଂଶ ସମ୍ବନ୍ଧୀୟ ସ୍ନାୟୁ ଅଭିଯୋଗ,Sudden nerve complaints related to an organ / part,,
214,Screen phrase (check first),Unable to pass urine,ପରିସ୍ରା କରିପାରୁ ନାହାନ୍ତି,Can't urinate,,
215,Screen phrase (check first),Ongoing diarrhoea,ଲଗାତାର ତରଳ ଝାଡ଼ା,Frequent flushing,,
216,Screen phrase (check first),clinician danger-sign check,ସ୍ୱାସ୍ଥ୍ୟକର୍ମୀଙ୍କ ଦ୍ୱାରା ବିପଦ ସଙ୍କେତ ଯାଞ୍ଚ,Warning signs checked by health workers,,
217,Screen phrase (check first),Clinician danger-sign check,ସ୍ୱାସ୍ଥ୍ୟକର୍ମୀଙ୍କ ଦ୍ୱାରା ବିପଦ ସଙ୍କେତ ଯାଞ୍ଚ,Warning signs checked by health workers,,
218,Screen phrase (check first),Urgency overrides,ଜରୁରୀତା ପରିବର୍ତ୍ତନ,The need for change,,
219,Screen phrase (check first),Overrides,ପରିବର୍ତ୍ତନ,Change,,
220,Screen phrase (check first),Lowered,କମାଯାଇଛି,Reduced,,
221,Screen phrase (check first),Rule,ନିୟମ,The rules,,
222,Screen phrase (check first),Fired,ଲାଗୁ ହେଲା,has been applied,,
223,Screen phrase (check first),Guardian,ଅଭିଭାବକ,the parent's,,
224,Screen phrase (check first),Which long-term illness?,କେଉଁ ଦୀର୍ଘକାଳୀନ ରୋଗ?,What is a chronic disease?,,
225,Screen phrase (check first),Name match,ନାମ ମେଳ ଖାଉଛି,Matching names,,
226,Screen phrase (check first),Care received,ଚିକିତ୍ସା ମିଳିଛି,treatment has been obtained.,,
227,Screen phrase (check first),Overdue,ସମୟ ପାର,the passage of time,,
228,Screen phrase (check first),Confirm received,ମିଳିଥିବା ନିଶ୍ଚିତ କରନ୍ତୁ,Make sure it's found,,
229,Screen phrase (check first),Close referral,ରେଫରାଲ ବନ୍ଦ କରନ୍ତୁ,Turn off referrals,,
230,Screen phrase (check first),Confirmed by,ନିଶ୍ଚିତକାରୀ,the verifier,,
231,Screen phrase (check first),Chronic check-in,ଦୀର୍ଘକାଳୀନ ରୋଗ ଯାଞ୍ଚ,Long-term disease screening,,
232,Screen phrase (check first),High — safety questions only,ଅଧିକ — କେବଳ ସୁରକ୍ଷା ପ୍ରଶ୍ନ,More - just security issues.,,
233,Screen phrase (check first),Mon,ସୋମ,Som,,
234,Screen phrase (check first),Tue,ମଙ୍ଗଳ,Mars,,
235,Screen phrase (check first),Wed,ବୁଧ,Mercury,,
236,Screen phrase (check first),Thu,ଗୁରୁ,Guru,,
237,Screen phrase (check first),Fri,ଶୁକ୍ର,Thank you,,
238,Screen phrase (check first),Sat,ଶନି,Shani,,
239,Screen phrase (check first),Sun,ରବି,Ravi,,
240,Screen phrase (check first),Job,କାମ,The work,,
241,Screen phrase (check first),Licence,ଲାଇସେନ୍ସ,License,,
242,Screen phrase (check first),Period is late — maybe,ମାସିକ ଡେରି — ହୋଇପାରେ,Monthly delays may occur.,,
243,Screen phrase (check first),Any vomiting?,ବାନ୍ତି ହେଉଛି କି?,Do you feel nauseous?,,
244,Screen phrase (check first),Some missed,କିଛି ବାକି ଅଛି,There's something left,,
245,Screen phrase (check first),No known allergy,କୌଣସି ଆଲର୍ଜି ନାହିଁ,There are no allergies,,
246,Screen phrase (check first),None,କିଛି ନାହିଁ,There's nothing,,
247,Screen phrase (check first),Active seizures (fits reported — treated as active until a clinician confirms otherwise),ଚାଲୁଥିବା ଅପସ୍ମାର (ଝଟକା କୁହାଗଲା — ସ୍ୱାସ୍ଥ୍ୟକର୍ମୀ ଅନ୍ୟଥା ନିଶ୍ଚିତ ନ କରିବା ଯାଏ ଚାଲୁ ବୋଲି ଧରାଯାଏ),Ongoing epilepsy (called shock - assumed to be ongoing unless otherwise confirmed by the healthcare provider),,
248,Screen phrase (check first),"Acute limb ischaemia — limb pulseless, or painful and pale/cold","ହଠାତ୍ ଅଙ୍ଗରେ ରକ୍ତ ପ୍ରବାହ ବନ୍ଦ — ଅଙ୍ଗରେ ନାଡ଼ି ନାହିଁ, କିମ୍ବା ଯନ୍ତ୍ରଣା ସହ ଫିକା/ଥଣ୍ଡା","Sudden stoppage of blood flow to the limb - no movement in the limb, or fainting / chills with pain",,
249,Screen phrase (check first),"Exposure requiring time-sensitive prophylaxis (animal bite, needlestick)","ଏପରି ସଂସ୍ପର୍ଶ ଯେଉଁଥିରେ ସମୟରେ ପ୍ରତିଷେଧକ ଚିକିତ୍ସା ଜରୁରୀ (ପଶୁ କାମୁଡ଼ା, ଛୁଞ୍ଚି ଫୋଡ଼ି ହେବା)","Contact that requires timely preventive treatment (animal bites, needles)",,
250,Screen phrase (check first),Exposure requiring time-sensitive prophylaxis (animal bite),ଏପରି ସଂସ୍ପର୍ଶ ଯେଉଁଥିରେ ସମୟରେ ପ୍ରତିଷେଧକ ଚିକିତ୍ସା ଜରୁରୀ (ପଶୁ କାମୁଡ଼ା),Contact that requires timely preventive treatment (animal bites),,
251,Screen phrase (check first),Does the fever come with shivering or chills?,ଜ୍ୱର ସହ ଥରି ହୁଏ କିମ୍ବା ଶୀତ ଲାଗେ କି?,Do you have a cold or a fever?,,
252,Screen phrase (check first),"Altered mental status (confused, restless, irritable or lethargic) with stiff neck, hypothermia or fever","ମାନସିକ ଅବସ୍ଥାରେ ପରିବର୍ତ୍ତନ (ଦ୍ୱନ୍ଦ୍ୱ, ଅସ୍ଥିରତା, ଚିଡ଼ଚିଡ଼ା ବା ଅବସନ୍ନତା) ସହ ବେକ ଟାଣ, ଶରୀର ତାପମାତ୍ରା ଅତି କମ୍ ବା ଜ୍ୱର","Changes in mood (confusion, restlessness, irritability, or lethargy), including neck tightness, low body temperature, or fever",,
253,Screen phrase (check first),Reached — waiting for the visit,ଯୋଗାଯୋଗ ହେଲା — ଭେଟ ପାଇଁ ଅପେକ୍ଷା,Contacted - Waiting to meet,,
254,Screen phrase (check first),Acute scrotal or inguinal pain in a male,ପୁରୁଷଙ୍କ ଠାରେ ହଠାତ୍ ଅଣ୍ଡକୋଷ ବା କୁଞ୍ଚକୁ ଯନ୍ତ୍ରଣା,Sudden pain in the testicles or groin in men,,
255,Screen phrase (check first),"The text to translate, with names already removed. Hosted in India.","ଅନୁବାଦ ପାଇଁ ଲେଖା, ନାମ ପୂର୍ବରୁ ହଟାଇ। ଭାରତରେ ହୋଷ୍ଟ।","Write for translation, pre-delete the name. Host in India.",,
256,Screen phrase (check first),Use this one instead,ଏହା ବଦଳରେ ଏହାକୁ ନିଅନ୍ତୁ,Take it instead,,
257,Screen phrase (check first),Respiratory distress or central cyanosis,ନିଶ୍ୱାସ ନେବାରେ ଗମ୍ଭୀର କଷ୍ଟ କିମ୍ବା କେନ୍ଦ୍ରୀୟ ସାଇନୋସିସ୍ (ଓଠ/ଜିଭ ନୀଳ),Severe shortness of breath or central sinusitis (lip / tongue blue),,
258,Screen phrase (check first),Hypoglycaemia (blood glucose below 70 mg/dL),ହାଇପୋଗ୍ଲାଇସେମିଆ (ରକ୍ତ ଶର୍କରା 70 mg/dL ରୁ କମ୍),Hypoglycemia (blood sugar less than 70 mg / dL),,
259,Screen phrase (check first),Altered mental status or agitation,ମାନସିକ ଅବସ୍ଥାରେ ପରିବର୍ତ୍ତନ ବା ଅସ୍ଥିରତା,Changes or instability in the mental state,,
260,Screen phrase (check first),Malnutrition with visible severe wasting or oedema of both feet,"ଅପପୁଷ୍ଟି, ସହିତ ଦେଖାଯାଉଥିବା ଅତ୍ୟଧିକ ରୋଗା ହୋଇଯିବା (ଶୀର୍ଣ୍ଣତା) ବା ଦୁଇ ପାଦରେ ଫୁଲା","Malnutrition, accompanied by excessive numbness (tingling) or swelling in both legs",,
261,Screen phrase (check first),Severe anaemia on report — Hb below 8.0 g/dL,ରିପୋର୍ଟରେ ଗମ୍ଭୀର ରକ୍ତହୀନତା — Hb 8.0 g/dL ରୁ କମ୍,Severe anemia reported - Hb less than 8. 0 g / dL,,
262,Screen phrase (check first),"UNDETERMINED, held at YELLOW — cannot be routine until measured: {list}","ଅନିର୍ଦ୍ଧାରିତ, ହଳଦିଆରେ ରଖାଗଲା — ମାପିବା ବିନା ସାଧାରଣ ହୋଇପାରିବ ନାହିଁ: {list}","Undefined, yellowed - cannot be normalized without measuring: {list}",,
263,Screen phrase (check first),speech measured: {w}% word errors,କଥା ମପାଯାଇଛି: {w}% ଶବ୍ଦ ତ୍ରୁଟି,Spoken: {w}% Word error,,
264,Screen phrase (check first),"General danger sign — unable to drink or breastfeed, vomits everything, convulsions, lethargic or unconscious","ସାଧାରଣ ବିପଦ ସଙ୍କେତ — ପିଇ ବା ସ୍ତନପାନ କରି ନ ପାରିବା, ସବୁକିଛି ବାନ୍ତି କରିଦେବା, ଅପସ୍ମାର / ଝଟକା, ଅବସନ୍ନତା ବା ଚେତାହୀନ","Common risk signs - not being able to drink or breastfeed, vomiting everything, epilepsy / jaundice, depression, or fainting",,
265,Screen phrase (check first),"Altered sensorium — responds only to voice or pain, or unresponsive","ଚେତନାରେ ପରିବର୍ତ୍ତନ — କେବଳ ସ୍ୱର ବା ଯନ୍ତ୍ରଣାରେ ପ୍ରତିକ୍ରିୟା, କିମ୍ବା ପ୍ରତିକ୍ରିୟାହୀନ","Changes in consciousness - response only to sound or pain, or unresponsiveness",,
266,Screen phrase (check first),High: the kiosk asks only the safety questions,ଅଧିକ: କିଓସ୍କ କେବଳ ସୁରକ୍ଷା ପ୍ରଶ୍ନ ପଚାରେ,MORE: Kiosks only ask security questions,,
267,Screen phrase (check first),FEV1 down 15 % or more from the worker's own earliest recorded value,FEV1 କର୍ମଚାରୀଙ୍କ ନିଜର ପ୍ରଥମ ଲେଖାଯାଇଥିବା ମୂଲ୍ୟରୁ 15 % ବା ଅଧିକ କମ୍,The FEV1 is 15 percent or less of the employee's first written-off value.,,
268,Screen phrase (check first),"Diarrhoea with two of — restless/irritable, sunken eyes, drinks eagerly/thirsty, skin pinch slow","ତରଳ ଝାଡ଼ା, ସହିତ ଏଥିରୁ ଦୁଇଟି — ଅସ୍ଥିର/ଚିଡ଼ଚିଡ଼ା, ଆଖି ବସିଯିବା, ଆଗ୍ରହରେ ପିଇବା/ଶୋଷିଲା, ଚର୍ମ ଚିମୁଟିଲେ ଧୀରେ ଫେରିବା","Fluid swelling, as well as two of these - restlessness / irritability, squinting eyes, drinking / sucking out of interest, slow return of skin pricking",,
269,Screen phrase (check first),Did not come,ଆସିଲେ ନାହିଁ,didn't come,,
270,Screen phrase (check first), — check against the patient's own words, — ରୋଗୀଙ୍କ ନିଜ କଥା ସହ ମିଳାନ୍ତୁ,- Communicate with the patient.,,
271,Screen phrase (check first),"Danger sign — call ended, a person paged","ବିପଦ ସଙ୍କେତ — କଲ୍ ବନ୍ଦ, ଜଣେ ବ୍ୟକ୍ତିଙ୍କୁ ଜଣାଗଲା","Alert - Call stopped, one person was notified",,
272,Screen phrase (check first),No danger sign reported,କୌଣସି ବିପଦ ସଙ୍କେତ କୁହାଯାଇନାହିଁ,No warning signs have been reported,,
273,Screen phrase (check first),Nothing about health was said. The follow-up stays open.,ସ୍ୱାସ୍ଥ୍ୟ ବିଷୟରେ କିଛି କୁହାଯାଇନାହିଁ। ଫଲୋ-ଅପ୍ ଖୋଲା ଅଛି।,There is no mention of health. Follow-up is open.,,
274,Screen phrase (check first),Stridor / noisy breathing,ଷ୍ଟ୍ରାଇଡର୍ / ଶବ୍ଦ କରି ନିଶ୍ୱାସ,Strider / sound breathing,,
275,Screen phrase (check first),History of syncope (fainting),ଚେତା ହରାଇବାର ଇତିହାସ,A history of loss of consciousness,,
276,Screen phrase (check first),Needle-prick injury,ଛୁଞ୍ଚି ଫୋଡ଼ି ହେବା ଆଘାତ,Knee injury,,
277,Screen phrase (check first),Unable to feed or drink,ଖାଇ ବା ପିଇ ନ ପାରିବା,Not being able to eat or drink,,
278,Screen phrase (check first),Acute visual disturbance,ହଠାତ୍ ଦୃଷ୍ଟିରେ ଅସୁବିଧା,Sudden visual impairment,,
279,Screen phrase (check first),New rash worsening over hours or peeling,ନୂଆ ଫୁଟକା ଯାହା ଘଣ୍ଟା ଘଣ୍ଟାରେ ବଢ଼ୁଛି କିମ୍ବା ଚର୍ମ ଉଠିଯାଉଛି,New droplets that grow or peel off in a matter of hours,,
280,Screen phrase (check first),"High-risk trauma — fall from height, road crash mechanism, penetrating or crush injury","ଉଚ୍ଚ-ବିପଦ ଆଘାତ — ଉଚ୍ଚସ୍ଥାନରୁ ପଡ଼ିବା, ସଡ଼କ ଦୁର୍ଘଟଣା, ଭେଦକାରୀ ବା ଚାପି ହେବା ଆଘାତ","High-risk injuries - falls from high altitudes, road accidents, penetrative or compression injuries",,
281,Screen phrase (check first),Point-of-care blood glucose above 300 mg/dL,ସେଠାରେ ଯାଞ୍ଚ କରାଯାଇଥିବା ରକ୍ତ ଶର୍କରା 300 mg/dL ରୁ ଅଧିକ,The blood sugar checked there is more than 300 mg / dL.,,
282,Screen phrase (check first),Consent is needed to continue,ଆଗକୁ ବଢ଼ିବା ପାଇଁ ସମ୍ମତି ଆବଶ୍ୟକ,Consent is required to proceed.,,
283,Screen phrase (check first),Confirm care received,ଚିକିତ୍ସା ମିଳିଥିବା ନିଶ୍ଚିତ କରନ୍ତୁ,Make sure treatment is received.,,
284,Screen phrase (check first),Offered at this facility,ଏହି କେନ୍ଦ୍ରରେ ଉପଲବ୍ଧ,Available at this centre.,,
285,Screen phrase (check first),About the models,ମଡେଲ୍ ବିଷୟରେ,In regards to the model,,
286,Screen phrase (check first),CC-BY-NC 4.0 (non-commercial; a commercial deployment needs another voice),CC-BY-NC 4.0 (ଅଣ-ବ୍ୟବସାୟିକ; ବ୍ୟବସାୟିକ ବ୍ୟବହାର ପାଇଁ ଅନ୍ୟ ସ୍ୱର ଦରକାର),CC-BY-NC 4.0 (non-commercial; other voices required for commercial use),,
287,Screen phrase (check first),"Any two of — lethargy, sunken eyes, very slow skin pinch, drinks poorly","ଏଥିରୁ ଯେକୌଣସି ଦୁଇଟି — ଅବସନ୍ନତା, ଆଖି ବସିଯିବା, ଚର୍ମ ଚିମୁଟିଲେ ବହୁତ ଧୀରେ ଫେରିବା, ଠିକ୍ ଭାବେ ନ ପିଇବା","Any two of these - drowsiness, squinting, coming back very slowly after touching the skin, not drinking properly.",,
288,Screen phrase (check first),"A second, offline hearing of the same recording. A disagreement is shown to the patient and the reviewer.","ସେହି ରେକର୍ଡିଂକୁ ଦ୍ୱିତୀୟ ଥର, ଅଫଲାଇନ୍ ଶୁଣିବା। ଅସହମତି ରୋଗୀ ଓ ସମୀକ୍ଷକଙ୍କୁ ଦେଖାଯାଏ।","Listening to that recording a second time, offline. Disagreements appear to patients and reviewers.",,
289,Screen phrase (check first),Phone back now. The agent said nothing about what the sign may mean; the person who calls decides what to do.,ଏବେ ଫେରି ଫୋନ୍ କରନ୍ତୁ। ଏଜେଣ୍ଟ ସଙ୍କେତର ଅର୍ଥ ବିଷୟରେ କିଛି କହିନାହିଁ; ଫୋନ୍ କରୁଥିବା ବ୍ୟକ୍ତି କ'ଣ କରିବେ ସ୍ଥିର କରିବେ।,Call back now. The agent didn't say anything about the meaning of the code; the caller will decide what to do.,,
290,Screen phrase (check first),Baby moving less than usual (same-day assessment),ଗର୍ଭସ୍ଥ ଶିଶୁର ହଲଚଲ ସାଧାରଣଠାରୁ କମ୍ (ସେହି ଦିନ ଯାଞ୍ଚ),Lower-than-usual movement of the fetus (check on that day),,
291,Screen phrase (check first),"Check them in when they reach the desk. Their place in the queue starts then, so filling in early never puts anyone ahead of people already waiting.","କାଉଣ୍ଟରରେ ପହଞ୍ଚିଲେ ଏମାନଙ୍କୁ ଚେକ୍-ଇନ୍ କରନ୍ତୁ। ଧାଡ଼ିରେ ଏମାନଙ୍କ ସ୍ଥାନ ସେତେବେଳୁ ଆରମ୍ଭ ହେବ, ତେଣୁ ଆଗରୁ ପୂରଣ କଲେ କେହି ଅପେକ୍ଷା କରୁଥିବା ଲୋକଙ୍କ ଆଗକୁ ଯାଆନ୍ତି ନାହିଁ।","Check them in when you get to the counter. Their positions in line will start by then, so no one goes ahead of the waiters if they fill in beforehand.",,
292,Screen phrase (check first),"High-risk trauma — fall from height, road crash mechanism, penetrating, crush, or injury in pregnancy","ଉଚ୍ଚ-ବିପଦ ଆଘାତ — ଉଚ୍ଚସ୍ଥାନରୁ ପଡ଼ିବା, ସଡ଼କ ଦୁର୍ଘଟଣା, ଭେଦକାରୀ ବା ଚାପି ହେବା ଆଘାତ, କିମ୍ବା ଗର୍ଭାବସ୍ଥାରେ ଆଘାତ","High-risk injuries - falls from high altitudes, road accidents, penetrative or compression injuries, or pregnancy injuries",,
293,Screen phrase,"A person calls, reading the script",ଜଣେ ବ୍ୟକ୍ତି ସ୍କ୍ରିପ୍ଟ ପଢ଼ି ଫୋନ୍ କରନ୍ତି,A person reads a script and makes a call.,,
294,Screen phrase,Not taking medicines every day,ପ୍ରତିଦିନ ଔଷଧ ଖାଉନାହାନ୍ତି,Don't take the medicine every day.,,
295,Screen phrase,Hypoglycaemia (blood glucose below 54 mg/dL / 3 mmol/L),ହାଇପୋଗ୍ଲାଇସେମିଆ (ରକ୍ତ ଶର୍କରା 54 mg/dL / 3 mmol/L ରୁ କମ୍),Hypoglycemia (blood sugar less than 54 mg / dL / 3 mmol / L),,
296,Screen phrase,Workplace finding: protective equipment gap,କାର୍ଯ୍ୟସ୍ଥଳ ସମ୍ବନ୍ଧୀୟ ତଥ୍ୟ: ସୁରକ୍ଷା ଉପକରଣର ଅଭାବ,Workplace Information: Lack of Safety Equipment,,
297,Screen phrase,Arithmetic check on the values printed in the report — check each against the image crop,ରିପୋର୍ଟରେ ଛପା ମୂଲ୍ୟର ହିସାବ ଯାଞ୍ଚ — ପ୍ରତ୍ୟେକକୁ ଛବିର ଅଂଶ ସହ ମିଳାନ୍ତୁ,Check the cost of printing in the report - match each to a portion of the picture,,
298,Screen phrase,Years of workplace exposure not recorded,କାର୍ଯ୍ୟସ୍ଥଳରେ ସଂସ୍ପର୍ଶର ବର୍ଷ ଲେଖାଯାଇନାହିଁ,The year of contact in the workplace is not written.,,
299,Screen phrase,Do you have a long-term illness?,ଆପଣଙ୍କର କୌଣସି ପୁରୁଣା ରୋଗ ଅଛି କି?,Do you have any chronic diseases?,,
300,Screen phrase,"Slow on a laptop (about 3 × real time), so it answers after the read-back has started.","ଲ୍ୟାପଟପରେ ଧୀର (କଥାର ସମୟର ପ୍ରାୟ 3 ଗୁଣ), ତେଣୁ ପଢ଼ି ଶୁଣାଇବା ଆରମ୍ଭ ହେବା ପରେ ଉତ୍ତର ଦିଏ।","The laptop is slow (about 3 times the talk time), so it responds when the reading begins.",,
301,Screen phrase,A danger sign said anywhere ends the call and pages a person. So does “not sure” on a danger-sign question.,ଯେକୌଣସି ସ୍ଥାନରେ କୁହାଯାଇଥିବା ବିପଦ ସଙ୍କେତ କଲ୍ ବନ୍ଦ କରେ ଓ ଜଣେ ବ୍ୟକ୍ତିଙ୍କୁ ଜଣାଏ। ବିପଦ ସଙ୍କେତ ପ୍ରଶ୍ନରେ “ଜଣାନାହିଁ” କହିଲେ ମଧ୍ୟ ସେପରି ହୁଏ।,"A distress signal anywhere stops the call and lets a person know. A distress signal will also say ""don't know"" in the question.",,
302,Screen phrase,Severe anaemia on report — Hb below 7.0 g/dL (pregnancy or child under 5),ରିପୋର୍ଟରେ ଗମ୍ଭୀର ରକ୍ତହୀନତା — Hb 7.0 g/dL ରୁ କମ୍ (ଗର୍ଭାବସ୍ଥା ବା 5 ବର୍ଷରୁ କମ୍ ଶିଶୁ),Severe anemia reported - Hb less than 7. 0 g / dL (pregnancy or children under 5 years),,
303,Screen phrase,No reference range printed — compared with a typical adult range,କୌଣସି ସନ୍ଦର୍ଭ ସୀମା ଛପା ନାହିଁ — ସାଧାରଣ ବୟସ୍କ ସୀମା ସହ ତୁଳନା କରାଗଲା,No reference limit printed - compared to normal age limit,,
304,Screen phrase,Hard to read — check the value against the crop,ପଢ଼ିବା କଷ୍ଟକର — ମୂଲ୍ୟକୁ ଛବିର ଅଂଶ ସହ ମିଳାନ୍ତୁ,Difficult to read - match the value to part of the image,,
305,Screen phrase,"Tell us at least one problem — speak, type or tap","ଅତି କମରେ ଗୋଟିଏ ସମସ୍ୟା କୁହନ୍ତୁ — କୁହନ୍ତୁ, ଲେଖନ୍ତୁ କିମ୍ବା ଛୁଅଁନ୍ତୁ","Say at least one problem - say, write, or touch.",,
306,Screen phrase,"No speech recognition, translation or report reading ran; the note is the fixed template and urgency comes from the rules alone","ସ୍ୱର ଚିହ୍ନଟ, ଅନୁବାଦ ବା ରିପୋର୍ଟ ପଢ଼ିବା କିଛି ଚାଲିନାହିଁ; ନୋଟ୍ ନିର୍ଦ୍ଦିଷ୍ଟ ଢାଞ୍ଚାର ଏବଂ ଜରୁରୀତା କେବଳ ନିୟମରୁ ସ୍ଥିର ହୋଇଛି","No voice recognition, translation, or reading of reports; the specific format and urgency of the notes are determined only by the rules.",,
307,Screen phrase,Altered mental status — high-risk chief complaint (odds ratio 6.2),ମାନସିକ ଅବସ୍ଥାରେ ପରିବର୍ତ୍ତନ — ଉଚ୍ଚ-ବିପଦ ମୁଖ୍ୟ ଅଭିଯୋଗ (ଅଡସ୍ ରେସିଓ 6.2),Changes in mood - high-risk major complaints (odds ratio 6.2),,
308,Screen phrase,e.g. Drink plenty of water; come back at once if the fever rises,ଯେପରି ବହୁତ ପାଣି ପିଅନ୍ତୁ; ଜ୍ୱର ବଢ଼ିଲେ ତୁରନ୍ତ ଫେରନ୍ତୁ,Drink plenty of water; return immediately if you have a high fever.,,
309,Screen phrase,Logistics and yes / no questions only. It never answers with advice: under India's Telemedicine Practice Guidelines 2020 an AI platform may not counsel a patient.,କେବଳ ତାରିଖ-ସ୍ଥାନ କଥା ଓ ହଁ / ନା ପ୍ରଶ୍ନ। ଏହା କେବେ ପରାମର୍ଶ ଦିଏ ନାହିଁ: ଭାରତର ଟେଲିମେଡିସିନ୍ ପ୍ରାକ୍ଟିସ୍ ନିର୍ଦ୍ଦେଶିକା 2020 ଅନୁଯାୟୀ AI ପ୍ଲାଟଫର୍ମ ରୋଗୀଙ୍କୁ ପରାମର୍ଶ ଦେଇପାରିବ ନାହିଁ।,"Only date-location and yes / no questions. It never advises: As per India's Telemedicine Practice Directive 2020, AI platforms cannot advise patients.",,
310,Screen phrase,Two OCR engines read the report differently — check against the image crop,ଦୁଇଟି OCR ଇଞ୍ଜିନ୍ ରିପୋର୍ଟକୁ ଅଲଗା ଅଲଗା ପଢ଼ିଲେ — ଛବିର ଅଂଶ ସହ ମିଳାନ୍ତୁ,Read two OCR engine reports separately - match part of the image,,
311,Screen phrase,"Raised by fixed rules, not by a model: too many RED cases for the doctors on duty, a fever cluster from one place, a missed check-up, or a danger sign on a reminder call.","ନିର୍ଦ୍ଦିଷ୍ଟ ନିୟମରୁ, ମଡେଲ୍‌ରୁ ନୁହେଁ: ଡ୍ୟୁଟିରେ ଥିବା ଡାକ୍ତରଙ୍କ ତୁଳନାରେ ଅଧିକ ଲାଲ କେସ୍, ଗୋଟିଏ ସ୍ଥାନରୁ ଜ୍ୱର ସମୂହ, ଛୁଟିଯାଇଥିବା ଯାଞ୍ଚ, ବା ରିମାଇଣ୍ଡର କଲ୍‌ରେ ବିପଦ ସଙ୍କେତ।","From specific rules, not models: more red cases than doctors on duty, fever clusters from one location, missed checkups, or warning signs on reminder calls.",,
312,Screen phrase,"Which days this facility holds follow-up visits. A follow-up date is moved to the next such day, never earlier and never on a closed day.","ଏହି କେନ୍ଦ୍ର କେଉଁ ଦିନ ଫଲୋ-ଅପ୍ ପରିଦର୍ଶନ କରେ। ଫଲୋ-ଅପ୍ ତାରିଖ ପରବର୍ତ୍ତୀ ସେପରି ଦିନକୁ ଯାଏ, କେବେ ଆଗରୁ ନୁହେଁ ଓ କେବେ ବନ୍ଦ ଦିନରେ ନୁହେଁ।","The day the center visits the follow-up is the day after the follow-up date, never before and never on a closed day.",,
313,Screen phrase,Machine translated,ମେସିନ୍ ଅନୁବାଦ,The machine translation,,
314,Screen phrase,Follow-ups,ଫଲୋ-ଅପ୍,Follow-up,,
315,Screen phrase,Own phone,ନିଜ ଫୋନ୍,It's your phone,,
316,Screen phrase,Home visit,ଘର ପରିଦର୍ଶନ,A visit to the house,,
317,Screen phrase,Came for the check-up,ଯାଞ୍ଚ ପାଇଁ ଆସିଲେ,came to check.,,
318,Screen phrase,The patient chose no AI processing: a person calls,ରୋଗୀ AI ପ୍ରକ୍ରିୟାକରଣ ବାଛିନାହାନ୍ତି: ଜଣେ ବ୍ୟକ୍ତି ଫୋନ୍ କରିବେ,Patient did not choose AI processing: one person will call,,
319,Screen phrase,"The last visit was never fully assessed (UNDETERMINED): a person calls, not the agent","ଶେଷ ଭେଟର ପୂର୍ଣ୍ଣ ଯାଞ୍ଚ ହୋଇନାହିଁ (ଅନିର୍ଦ୍ଧାରିତ): ଏଜେଣ୍ଟ ନୁହେଁ, ଜଣେ ବ୍ୟକ୍ତି ଫୋନ୍ କରିବେ","The last waiter is not fully verified (unspecified): a person, not an agent, will call",,
320,Screen phrase,Voice off,ସ୍ୱର ବନ୍ଦ,turn off the volume,,
321,Screen phrase,danger sign,ବିପଦ ସଙ୍କେତ,Signs of danger,,
322,Screen phrase,"On a phone that is not hers, or when someone else answers, nothing about health is said.","ଯେଉଁ ଫୋନ୍ ତାଙ୍କର ନୁହେଁ, ବା ଅନ୍ୟ କେହି ଉଠାନ୍ତି, ତେବେ ସ୍ୱାସ୍ଥ୍ୟ ବିଷୟରେ କିଛି କୁହାଯାଏ ନାହିଁ।","A phone call that isn't his, or someone else picks up, doesn't say anything about health.",,
323,Screen phrase,Could not understand the recording — type or tap the answer,ରେକର୍ଡିଂ ବୁଝାପଡ଼ିଲା ନାହିଁ — ଉତ୍ତର ଲେଖନ୍ତୁ ବା ବାଛନ୍ତୁ,Didn't understand the recording - write or select the answer,,
324,Screen phrase,Out of range,ସୀମା ବାହାରେ,Out of the Borders,,
325,Screen phrase,{n} out of range,{n}ଟି ସୀମା ବାହାରେ,{n} out of bounds,,
326,Screen phrase,No patient login: patients get a clinician-issued slip and never see an urgency tier.,ରୋଗୀଙ୍କ ପାଇଁ କୌଣସି ଲଗଇନ୍ ନାହିଁ: ସେମାନେ ସ୍ୱାସ୍ଥ୍ୟକର୍ମୀଙ୍କ ଦିଆ ସ୍ଲିପ୍ ପାଆନ୍ତି ଏବଂ କେବେ ଜରୁରୀତା ସ୍ତର ଦେଖନ୍ତି ନାହିଁ।,There is no login for patients: they receive a health worker's slip and never see the emergency level.,,
327,Screen phrase,Limb weakness (onset within 24 h),ହାତ ବା ଗୋଡ଼ରେ ଦୁର୍ବଳତା (24 ଘଣ୍ଟା ଭିତରେ ଆରମ୍ଭ),Weakness in the hands or feet (starting within 24 hours),,
328,Screen phrase,Heavy bleeding,ଅଧିକ ରକ୍ତସ୍ରାବ,Excessive bleeding,,
329,Screen phrase,"Any two of — fever or hypothermia, headache, altered mental status, stiff neck","ଏଥିରୁ ଯେକୌଣସି ଦୁଇଟି — ଜ୍ୱର ବା ଶରୀର ତାପମାତ୍ରା ଅତି କମ୍, ମୁଣ୍ଡବିନ୍ଧା, ମାନସିକ ଅବସ୍ଥାରେ ପରିବର୍ତ୍ତନ, ବେକ ଟାଣ","Any two of these - fever or very low body temperature, headache, mood swings, neck tension",,
330,Screen phrase,Snake bite,ସାପ କାମୁଡ଼ା,Snake bites,,
331,Screen phrase,Ongoing bleeding,ଲଗାତାର ରକ୍ତସ୍ରାବ,Persistent bleeding,,
332,Screen phrase,Recent fainting,ନିକଟରେ ଚେତା ହରାଇବା,Recent loss of consciousness,,
333,Screen phrase,High-risk vital sign — SpO₂ below 92%,ଉଚ୍ଚ-ବିପଦ ଜୀବନ ସଙ୍କେତ — SpO₂ 92% ରୁ କମ୍,High-risk life sign - SpO2 less than 92%,,
334,Screen phrase,Cold extremities,ହାତ ଗୋଡ଼ ଥଣ୍ଡା,cold hands and feet,,
335,Screen phrase,Any burn at age under 2,2 ବର୍ଷରୁ କମ୍ ବୟସରେ ଯେକୌଣସି ପୋଡ଼ା,Any burns in the age of less than 2 years,,
336,Screen phrase,"Restless, continuously irritable or lethargic","ଅସ୍ଥିର, ଲଗାତାର ଚିଡ଼ଚିଡ଼ା ବା ଅବସନ୍ନ","restless, constantly irritable, or depressed",,
337,Screen phrase,Trauma or burn,ଆଘାତ ବା ପୋଡ଼ା,Injury or burn,,
338,Screen phrase,SpO₂ below 90% (severe pneumonia),SpO₂ 90% ରୁ କମ୍ (ଗମ୍ଭୀର ନିମୋନିଆ),SpO2 less than 90% (severe pneumonia),,
339,Screen phrase,"Diarrhoea with two of — lethargic/unconscious, sunken eyes, not able to drink or drinking poorly, skin pinch very slow","ତରଳ ଝାଡ଼ା, ସହିତ ଏଥିରୁ ଦୁଇଟି — ଅବସନ୍ନତା/ଚେତାହୀନ, ଆଖି ବସିଯିବା, ପିଇ ନ ପାରିବା ବା ଠିକ୍ ଭାବେ ନ ପିଇବା, ଚର୍ମ ଚିମୁଟିଲେ ବହୁତ ଧୀରେ ଫେରିବା","Fluid swelling, as well as two of these - drowsiness / fainting, squinting eyes, not being able to drink or drink properly, a very slow return to skin pricking",,
340,Screen phrase,Convulsions or altered consciousness in pregnancy,ଗର୍ଭାବସ୍ଥାରେ ଅପସ୍ମାର / ଝଟକା ବା ଚେତନାରେ ପରିବର୍ତ୍ତନ,Epilepsy / shock or change in consciousness during pregnancy,,
341,Screen phrase,Fast or difficult breathing in pregnancy,ଗର୍ଭାବସ୍ଥାରେ ଦ୍ରୁତ ବା କଷ୍ଟକର ନିଶ୍ୱାସ,Shortness of breath or difficulty breathing during pregnancy,,
342,Screen phrase,Breathing compared with the last screening not recorded,ଶେଷ ଯାଞ୍ଚ ତୁଳନାରେ ନିଶ୍ୱାସର ଅବସ୍ଥା ଲେଖାଯାଇନାହିଁ,Respiratory status not recorded compared to last check,,
343,Screen phrase,respiratory rate,ନିଶ୍ୱାସ ହାର,Breathing rate,,
344,Screen phrase,Respiratory rate,ନିଶ୍ୱାସ ହାର,Breathing rate,,
345,Screen phrase,blood glucose,ରକ୍ତ ଶର୍କରା,Blood sugar,,
346,Screen phrase,{x} not recorded — needed before the case can be routine,{x} ଲେଖାଯାଇନାହିଁ — କେସ୍‌କୁ ସାଧାରଣ ମାନିବା ପୂର୍ବରୁ ଦରକାର,{x} not written - required before case can be considered normal,,
347,Screen phrase,"""{u}"" is not a unit used for {t} — check the unit and the value","""{u}"" {t} ର ଏକକ ନୁହେଁ — ଏକକ ଓ ମୂଲ୍ୟ ଯାଞ୍ଚ କରନ୍ତୁ",{u} is not a unit of {t} - check units and values,,
348,Screen phrase,No unit read — {u} assumed; check the slip,କୌଣସି ଏକକ ପଢ଼ାଗଲା ନାହିଁ — {u} ଧରାଗଲା; ସ୍ଲିପ୍ ଯାଞ୍ଚ କରନ୍ତୁ,No units read - {u} captured; check slip,,
349,Screen phrase,Raise urgency,ଜରୁରୀତା ବଢ଼ାନ୍ତୁ,Increase urgency,,
350,Screen phrase,Override rate per rule,ପ୍ରତ୍ୟେକ ନିୟମରେ ପରିବର୍ତ୍ତନ ହାର,The rate of change in each rule,,
351,Screen phrase,Most often lowered first. A high rate points at a rule worth reviewing.,ସବୁଠାରୁ ଅଧିକ କମାଯାଇଥିବା ପ୍ରଥମେ। ଉଚ୍ଚ ହାର ଦର୍ଶାଏ ଯେ ନିୟମଟି ସମୀକ୍ଷା କରିବା ଉଚିତ।,Most Reduced First. The high rate indicates that the rule should be reviewed.,,
352,Screen phrase,Lowered rate,କମାଇବା ହାର,Reduced rate,,
353,Screen phrase,Find the patient or register a new person,ରୋଗୀଙ୍କୁ ଖୋଜନ୍ତୁ କିମ୍ବା ନୂଆ ବ୍ୟକ୍ତିଙ୍କୁ ପଞ୍ଜୀକରଣ କରନ୍ତୁ,Find a patient or enroll a new one.,,
354,Screen phrase,Choose sex,ଲିଙ୍ଗ ବାଛନ୍ତୁ,Choose Gender,,
355,Screen phrase,Temperature looks like °C — enter it in °F (for example 98.6),ତାପମାତ୍ରା °C ପରି ଲାଗୁଛି — ଏହାକୁ °F ରେ ଲେଖନ୍ତୁ (ଯେପରି 98.6),Temperature looks like ° C - write it in ° F (like 98. 6),,
356,Screen phrase,Exact patient ID,ରୋଗୀଙ୍କ ସଠିକ୍ ID,The correct ID of the patient,,
357,Screen phrase,Referral overdue,ରେଫରାଲର ସମୟ ପାର,Referral timeout,,
358,Screen phrase,Visit days,ପରିଦର୍ଶନ ଦିନ,The day of the visit,,
359,Screen phrase,Antenatal check-up,ପ୍ରସବ ପୂର୍ବ ଯାଞ୍ଚ,Prenatal check-up,,
360,Screen phrase,Patient load,ରୋଗୀ ଚାପ,Patient pressure,,
361,Screen phrase,"Normal — up to 7 questions, safety first","ସାଧାରଣ — 7 ପ୍ରଶ୍ନ ପର୍ଯ୍ୟନ୍ତ, ସୁରକ୍ଷା ପ୍ରଥମେ","General - Up to 7 questions, Security first",,
362,Screen phrase,Patient screens,ରୋଗୀ ସ୍କ୍ରିନ୍,The patient's screen,,
363,Screen phrase,Kiosk and intake translated; staff screens show English.,କିଓସ୍କ ଓ ଇନଟେକ୍ ଅନୁବାଦିତ; କର୍ମଚାରୀ ସ୍କ୍ରିନ୍ ଇଂରାଜୀରେ।,Kiosks and intakes translated; staff screen in English.,,
364,Screen phrase,"Advice for the patient (English, optional)","ରୋଗୀଙ୍କ ପାଇଁ ପରାମର୍ଶ (ଇଂରାଜୀ, ଇଚ୍ଛାଧୀନ)","Consultation for patients (English, optional)",,
365,Screen phrase,Known limits,ଜଣାଥିବା ସୀମା,The known boundaries,,
366,Screen phrase,It only flags; it never replaces the patient's confirmed words.,ଏହା କେବଳ ସଙ୍କେତ ଦିଏ; ରୋଗୀଙ୍କ ନିଶ୍ଚିତ ଶବ୍ଦକୁ କେବେ ବଦଳାଏ ନାହିଁ।,It only signals; the patient's definite wording is never changed.,,
367,Screen phrase,Commercial API,ବ୍ୟବସାୟିକ API,Business API,,
368,Screen phrase,Needs a network and credits. Off in the stub profile.,ନେଟୱର୍କ ଓ କ୍ରେଡିଟ୍ ଦରକାର। stub ପ୍ରୋଫାଇଲରେ ବନ୍ଦ।,Network and credit required. Closed in stub profile.,,
369,Screen phrase,Yes — shivering,ହଁ — ଥରି ହୁଏ,Yes - it is.,,
370,Screen phrase,Any burning or pain when passing urine?,ପରିସ୍ରା କଲାବେଳେ ଜଳା କିମ୍ବା ଯନ୍ତ୍ରଣା?,Burning or pain when urinating?,,
371,Screen phrase,Yes — burning,ହଁ — ଜଳା,Yes - water,,
372,Screen phrase,Has the child had all the vaccines due for their age?,ପିଲାକୁ ବୟସ ଅନୁସାରେ ସବୁ ଟୀକା ଦିଆଯାଇଛି କି?,Has the child been given all the age-appropriate vaccinations?,,
373,Screen phrase,Yes — to a medicine,ହଁ — ଏକ ଔଷଧରେ,"Yes, in a drug.",,
374,Screen phrase,Do you take any medicine every day?,ଆପଣ ପ୍ରତିଦିନ କୌଣସି ଔଷଧ ଖାଆନ୍ତି କି?,Do you take any medications on a daily basis?,,
375,Screen phrase,"Share it by SMS or on a poster. Patients fill in before coming and get an H- number; they join the queue only when the desk checks them in, so nobody is moved ahead of people already waiting.","ଏହାକୁ SMS କିମ୍ବା ପୋଷ୍ଟରରେ ଦିଅନ୍ତୁ। ରୋଗୀମାନେ ଆସିବା ପୂର୍ବରୁ ପୂରଣ କରି H- ନମ୍ବର ପାଆନ୍ତି; କାଉଣ୍ଟରରେ ଚେକ୍-ଇନ୍ ହେଲେ ହିଁ ସେମାନେ ଧାଡ଼ିରେ ଯୋଗ ଦିଅନ୍ତି, ତେଣୁ କେହି ଅପେକ୍ଷା କରୁଥିବା ଲୋକଙ୍କ ଆଗକୁ ଯାଆନ୍ତି ନାହିଁ।","Give it in an SMS or poster. Patients get the H-number by filling it out before they arrive; they only join the line when they check-in at the counter, so no one goes in front of the people waiting.",,
376,Screen phrase,"Read speech is cleaner than a clinic. Dialects, medical words and noise raise errors. Answers heard with low confidence become a question for the health worker.","ପଢ଼ାଯାଇଥିବା କଥା କ୍ଲିନିକଠାରୁ ସଫା। ଆଞ୍ଚଳିକ ଭାଷା, ଚିକିତ୍ସା ଶବ୍ଦ ଓ ଶବ୍ଦ-କୋଳାହଳ ତ୍ରୁଟି ବଢ଼ାଏ। କମ୍ ନିଶ୍ଚିତତାରେ ଶୁଣାଯାଇଥିବା ଉତ୍ତର ସ୍ୱାସ୍ଥ୍ୟକର୍ମୀଙ୍କ ପାଇଁ ପ୍ରଶ୍ନ ହୋଇଯାଏ।","The text is clearer than in the clinic. The regional language, the treatment, and the noise increase the error. The answers heard with less certainty become questions for the health worker.",,
377,Screen phrase,Pregnancy and long-term-condition check-ups assigned to you that are due or were missed. Visit or phone; after 2 failed attempts a reminder call is due.,ଆପଣଙ୍କୁ ଦିଆଯାଇଥିବା ଗର୍ଭାବସ୍ଥା ଓ ଦୀର୍ଘକାଳୀନ ରୋଗର ଯାଞ୍ଚ ଯାହା ବାକି ଅଛି ବା ଛୁଟିଯାଇଛି। ଘରକୁ ଯାଆନ୍ତୁ ବା ଫୋନ୍ କରନ୍ତୁ; 2 ଥର ବିଫଳ ହେଲେ ରିମାଇଣ୍ଡର କଲ୍ କରିବାକୁ ହେବ।,Pregnancy and long-term checkups that you've been given are pending or missed. Go home or make a phone call; you'll need to make a reminder call if you fail 2 times.,,
378,Screen phrase,"Simulated: no phone call is made in this build. The agent's lines are shown and read aloud here; type, tap or speak what the patient says.","ସିମୁଲେସନ୍: ଏହି ସଂସ୍କରଣରେ କୌଣସି ଫୋନ୍ କଲ୍ ହୁଏ ନାହିଁ। ଏଜେଣ୍ଟର ଧାଡ଼ି ଏଠାରେ ଦେଖାଯାଏ ଓ ପଢ଼ାଯାଏ; ରୋଗୀ ଯାହା କହନ୍ତି ତାହା ଲେଖନ୍ତୁ, ବାଛନ୍ତୁ ବା କୁହନ୍ତୁ।","Simulation: There are no phone calls in this version. The agent line appears here and is read; write, select, or say what the patient says.",,
379,Screen phrase,Every maternal and chronic check-up at this facility. A check-up becomes missed one day after its due date.,ଏହି କେନ୍ଦ୍ରର ପ୍ରତ୍ୟେକ ଗର୍ଭାବସ୍ଥା ଓ ଦୀର୍ଘକାଳୀନ ରୋଗ ଯାଞ୍ଚ। ନିର୍ଦ୍ଧାରିତ ତାରିଖର ଗୋଟିଏ ଦିନ ପରେ ଯାଞ୍ଚ ଛୁଟିଗଲା ବୋଲି ଧରାଯାଏ।,Each pregnancy and chronic disease screening at this center is assumed to have ended one day after the due date.,,
380,Screen phrase,Silica exposure with a presumptive TB symptom — same-day doctor review and NTEP sputum test (silicotuberculosis risk),ସିଲିକା ସଂସ୍ପର୍ଶ ସହ ସମ୍ଭାବ୍ୟ TB ଲକ୍ଷଣ — ସେହି ଦିନ ଡାକ୍ତରୀ ସମୀକ୍ଷା ଓ NTEP ଖଙ୍କାର ଯାଞ୍ଚ (ସିଲିକୋ-ଟ୍ୟୁବରକ୍ୟୁଲୋସିସ୍ ବିପଦ),Possible TB symptoms with silica exposure - day-to-day medical review and screening for NTEP (silico-tuberculosis risk),,
381,Screen phrase,Haemoglobin {h} g/dL and PCV {p} % do not fit together (they give an MCHC of {e}; possible is about 22–40) — one of the two is misread,ହିମୋଗ୍ଲୋବିନ୍ {h} g/dL ଓ PCV {p} % ପରସ୍ପର ସହ ମେଳ ଖାଉନାହିଁ (ଏଥିରୁ MCHC {e} ଆସେ; ସମ୍ଭବ ପ୍ରାୟ 22–40) — ଦୁଇଟିରୁ ଗୋଟିଏ ଭୁଲ ପଢ଼ାଯାଇଛି,Hemoglobin {h} g / dL and PCV {p}% do not match (MCHC {e} comes from this; possible 22-40) - one of the two readings is incorrect,,
382,Screen phrase,{n} referral(s) past due and not confirmed received — check that the patient reached care.,{n} ରେଫରାଲର ସମୟ ପାର ହୋଇଛି ଓ ଚିକିତ୍ସା ମିଳିଥିବା ନିଶ୍ଚିତ ହୋଇନାହିଁ — ରୋଗୀ ପହଞ୍ଚିଛନ୍ତି କି ନାହିଁ ଯାଞ୍ଚ କରନ୍ତୁ।,{n} Referral time has passed and treatment has not been confirmed - check to see if the patient has arrived.,,
383,Screen phrase,Busy day at this facility: only the safety questions are asked. The nurse asks the rest.,ଆଜି କେନ୍ଦ୍ରରେ ଭିଡ଼: କେବଳ ସୁରକ୍ଷା ପ୍ରଶ୍ନ ପଚରାଯାଏ। ବାକି ନର୍ସ ପଚାରିବେ।,"Today, the center is crowded: only security questions are asked. The rest will be asked by the nurse.",,
384,Screen phrase,20 held-out synthetic cases for the summary; 50 cases for the urgency opinion (docs/EVALUATION.md).,ସାରାଂଶ ପାଇଁ 20ଟି ଅଲଗା ରଖାଯାଇଥିବା କୃତ୍ରିମ ମାମଲା; ଜରୁରୀତା ମତ ପାଇଁ 50ଟି ମାମଲା (docs/EVALUATION.md)।,20 set aside artificial cases for summary; 50 cases for urgent opinion (docs / EVALUATION.md).,,
385,Screen phrase,The medical officer and the assigned health worker have an alert to phone back now. The agent said nothing about what the sign may mean.,ଚିକିତ୍ସା ଅଧିକାରୀ ଓ ଦାୟିତ୍ୱପ୍ରାପ୍ତ ସ୍ୱାସ୍ଥ୍ୟକର୍ମୀଙ୍କୁ ଏବେ ଫେରି ଫୋନ୍ କରିବାକୁ ଆଲର୍ଟ ଅଛି। ଏଜେଣ୍ଟ ସଙ୍କେତର ଅର୍ଥ ବିଷୟରେ କିଛି କହିନାହିଁ।,The medical officer and the health worker in charge are now on alert to call back. The agent did not say anything about the meaning of the code.,,
386,Screen phrase,Said they cannot come this week — a home visit is needed.,କହିଲେ ଏହି ସପ୍ତାହରେ ଆସିପାରିବେ ନାହିଁ — ଘରକୁ ଯିବାକୁ ହେବ।,He said he couldn't come this week - he had to go home.,,
387,Screen phrase,Leave a box blank if it was not measured; the note lists it as not measured.,ଯାହା ମପାଯାଇନାହିଁ ତାହାର ଘର ଖାଲି ଛାଡ଼ନ୍ତୁ; ନୋଟରେ ତାହା 'ମପାଯାଇନାହିଁ' ଭାବେ ଲେଖାଯିବ।,Leave the house of what has not been measured empty; it will be written as'Not Measured'on the note.,,
388,Screen phrase,"Medical words can be mistranslated. Every translated history carries an MT-CHECK flag, with the patient's own words shown alongside.","ଚିକିତ୍ସା ଶବ୍ଦର ଭୁଲ ଅନୁବାଦ ହୋଇପାରେ। ପ୍ରତ୍ୟେକ ଅନୁବାଦିତ ଇତିହାସରେ MT-CHECK ସଙ୍କେତ ଥାଏ, ସାଙ୍ଗରେ ରୋଗୀଙ୍କ ନିଜ ଶବ୍ଦ ଦେଖାଯାଏ।","The word treatment may be mistranslated. Each translated history contains the MT-CHECK code, along with the patient's own words.",,
389,Screen phrase,"Drowning, hanging, electrocution or trauma with a dangerous mechanism","ବୁଡ଼ିଯିବା, ଫାଶୀ, ବିଦ୍ୟୁତ୍ ଆଘାତ କିମ୍ବା ବିପଜ୍ଜନକ ଭାବେ ଲାଗିଥିବା ଆଘାତ","Drowning, hanging, electrocution, or dangerous injuries",,
390,Screen phrase,"Visible limb deformity, open fracture or suspected dislocation","ଅଙ୍ଗରେ ଦେଖାଯାଉଥିବା ବିକୃତି, ଖୋଲା ହାଡ଼ ଭଙ୍ଗା କିମ୍ବା ସନ୍ଦିଗ୍ଧ ଗଣ୍ଠି ଖସିବା","visible deformities in the limb, broken open bones, or suspected joint collapse",,
391,Screen phrase,Stridor in a calm child (severe pneumonia or very severe disease),ଶାନ୍ତ ଶିଶୁଠାରେ ଷ୍ଟ୍ରାଇଡର୍ (ଗମ୍ଭୀର ନିମୋନିଆ ବା ଅତି ଗମ୍ଭୀର ରୋଗ),Strider (severe pneumonia or very severe disease) in silent infants,,
392,Screen phrase,Breathing worse than at the last workplace screening,ଶେଷ କାର୍ଯ୍ୟସ୍ଥଳ ଯାଞ୍ଚ ତୁଳନାରେ ନିଶ୍ୱାସ ନେବାରେ ଅଧିକ କଷ୍ଟ,Difficulty breathing compared to the last workplace check,,
393,Screen phrase,Occupational screening — adapted (no published Indian occupational triage protocol),ବୃତ୍ତିଗତ ଯାଞ୍ଚ — ଅନୁକୂଳିତ (କୌଣସି ପ୍ରକାଶିତ ଭାରତୀୟ ବୃତ୍ତିଗତ ଟ୍ରାଇଏଜ୍ ପ୍ରୋଟୋକଲ୍ ନାହିଁ),Professional verification-compliant (no published Indian Professional Triage Protocol),,
394,Screen phrase,{v} is outside the possible range for {t} — likely a misread,"{v}, {t} ର ସମ୍ଭାବ୍ୟ ସୀମା ବାହାରେ — ସମ୍ଭବତଃ ଭୁଲ ପଢ଼ାଯାଇଛି","{v}, outside the possible range of {t} - possibly misreaded",,
395,Screen phrase,Check-ups appear here when a pregnancy or chronic visit sets the next check-up date.,ଗର୍ଭାବସ୍ଥା ବା ଦୀର୍ଘକାଳୀନ ରୋଗ ଭେଟରେ ପରବର୍ତ୍ତୀ ଯାଞ୍ଚ ତାରିଖ ରଖାଗଲେ ଯାଞ୍ଚ ଏଠାରେ ଦେଖାଯାଏ।,Checkings are seen here when the date of the next check-up is set in case of pregnancy or a long-term illness.,,
396,Screen phrase,Unknown is never normal: the medical officer and the assigned health worker have an alert.,ଅଜଣା କେବେ ସାଧାରଣ ନୁହେଁ: ଚିକିତ୍ସା ଅଧିକାରୀ ଓ ଦାୟିତ୍ୱପ୍ରାପ୍ତ ସ୍ୱାସ୍ଥ୍ୟକର୍ମୀଙ୍କୁ ଆଲର୍ଟ ଅଛି।,The unknown is never common: medical officers and health workers in charge are on alert.,,
397,Screen phrase,Also texted to the demo phone {n} (standing in for the medical officer and the health worker).,ଡେମୋ ଫୋନ୍ {n}କୁ SMS ମଧ୍ୟ ପଠାଗଲା (ମେଡିକାଲ ଅଫିସର ଓ ସ୍ୱାସ୍ଥ୍ୟକର୍ମୀଙ୍କ ବଦଳରେ)।,SMS was also sent to the demo phone {n} (instead of medical officers and health workers).,,
398,Screen phrase,Back-translation checks and native-speaker review of the screen text (docs/translation_review.csv).,ଓଲଟା ଅନୁବାଦରେ ଯାଞ୍ଚ ଓ ସ୍କ୍ରିନ୍ ଲେଖାର ମାତୃଭାଷୀ ସମୀକ୍ଷା (docs/translation_review.csv)।,Verification in reverse translation and mother tongue review of screen text (docs / translation _ review.csv).,,
399,Screen phrase,Handwriting is not read reliably offline. Every value carries the image it came from.,ଅଫଲାଇନ୍ ହାତଲେଖା ଭରସାଯୋଗ୍ୟ ଭାବେ ପଢ଼ାଯାଏ ନାହିଁ। ପ୍ରତ୍ୟେକ ମୂଲ୍ୟ ସହ ତାହାର ମୂଳ ଚିତ୍ର ରହେ।,Offline handwriting is not reliably read. Each value is accompanied by its original image.,,
400,Screen phrase,"This device has no {l} voice, so the line is shown but not spoken.","ଏହି ଡିଭାଇସ୍‌ରେ {l} ସ୍ୱର ନାହିଁ, ତେଣୁ ଧାଡ଼ି ଦେଖାଯାଉଛି କିନ୍ତୁ କୁହାଯାଉନାହିଁ।","This device does not have a {l} sound, so the line appears but is not called.",,
401,Screen phrase,Message left with someone else,ଅନ୍ୟ କାହାକୁ ସନ୍ଦେଶ ଦିଆଗଲା,Message sent to someone else,,
402,Screen phrase,Acute chest pain (onset within 24 h),ହଠାତ୍ ଛାତି ଯନ୍ତ୍ରଣା (24 ଘଣ୍ଟା ଭିତରେ ଆରମ୍ଭ),Sudden chest pain (starting within 24 hours),,
403,Screen phrase,Acute-onset shortness of breath (within 12 h),ହଠାତ୍ ନିଶ୍ୱାସ ଫୁଲିବା (12 ଘଣ୍ଟା ଭିତରେ),Sudden shortness of breath (within 12 hours),,
404,Screen phrase,Poisoning / ingestion or dangerous chemical exposure,ବିଷ / କିଛି ଗିଳିଦେବା କିମ୍ବା ବିପଜ୍ଜନକ ରାସାୟନିକ ସଂସ୍ପର୍ଶ,Poisoning / swallowing anything or exposure to dangerous chemicals,,
405,Screen phrase,Acute testicular / scrotal pain or priapism,ହଠାତ୍ ଅଣ୍ଡକୋଷ / ଅଣ୍ଡଥଳିରେ ଯନ୍ତ୍ରଣା କିମ୍ବା ପ୍ରିଆପିଜମ୍ (ଲଗାତାର ଯନ୍ତ୍ରଣାଦାୟକ ଟାଣ),Sudden testicular / oesophageal pain or priapism (persistent painful stretching),,
406,Screen phrase,Any infant under 8 days old,8 ଦିନରୁ କମ୍ ବୟସର ଯେକୌଣସି ଶିଶୁ,Any child under 8 days of age,,
407,Screen phrase,Age under 2 months with temperature < 36 °C or > 39 °C,"2 ମାସରୁ କମ୍ ବୟସ, ତାପମାତ୍ରା < 36 °C କିମ୍ବା > 39 °C","Age less than 2 months, temperature < 36 ° C or > 39 ° C",,
408,Screen phrase,Any infant 8 days to 6 months old,8 ଦିନରୁ 6 ମାସ ବୟସର ଯେକୌଣସି ଶିଶୁ,Any child between the ages of 8 days and 6 months,,
409,Screen phrase,Pregnant with BP ≥ 140/90 and urine protein 1+ or more on report (pre-eclampsia),"ଗର୍ଭବତୀ, BP ≥ 140/90 ଏବଂ ରିପୋର୍ଟରେ ପରିସ୍ରାରେ ପ୍ରୋଟିନ୍ 1+ ବା ଅଧିକ (ପ୍ରି-ଏକ୍ଲାମ୍ପସିଆ)","Pregnant, BP ≥ 140/90 and reported urinary protein 1 + or higher (pre-eclampsia)",,
410,Screen phrase,"Chest pain spreading to arm, jaw or back, or with sweating (features of acute coronary syndrome) — whatever the onset","ଛାତି ଯନ୍ତ୍ରଣା ଯାହା ବାହୁ, ଜହ୍ନି ବା ପିଠିକୁ ବ୍ୟାପେ, କିମ୍ବା ଝାଳ ସହ (ଏକ୍ୟୁଟ୍ କରୋନାରୀ ସିଣ୍ଡ୍ରୋମର ଲକ୍ଷଣ) — ଯେବେ ବି ଆରମ୍ଭ ହୋଇଥାଉ","Chest pain that extends to the arms, genitals, or back, or with sweating (symptoms of acute coronary syndrome) - whenever present",,
411,Screen phrase,Implausible blood pressure — possible misread,ଅସମ୍ଭବ ରକ୍ତଚାପ — ହୁଏତ ଭୁଲ ପଢ଼ାଯାଇଛି,Impossible blood pressure - may have been misread,,
412,Screen phrase,"Printed in {u}: {a} is {b}, the unit the rules use","{u} ରେ ଛପା: {a} = {b}, ଯେଉଁ ଏକକରେ ନିୟମ ଚାଲେ","Printed in {u}: {a} = {b}, the unit in which the rule runs",,
413,Screen phrase,"{t} is {v} /µL, but {p} % of {w} is {e} — one of the three is misread","{t} {v} /µL, କିନ୍ତୁ {w} ର {p} % = {e} — ତିନିଟିରୁ ଗୋଟିଏ ଭୁଲ ପଢ଼ାଯାଇଛି","{t} {v} / μL, but {p}% of {w} = {e} - one of three read errors",,
414,Screen phrase,"Enter both BP numbers, or leave both blank","BP ର ଦୁଇଟି ସଂଖ୍ୟା ଲେଖନ୍ତୁ, କିମ୍ବା ଦୁଇଟିକୁ ଖାଲି ଛାଡ଼ନ୍ତୁ","Write two numbers of BP, or leave two blank.",,
415,Screen phrase,"Who confirmed it? (name, role, place)","କିଏ ନିଶ୍ଚିତ କଲେ? (ନାମ, ପଦ, ସ୍ଥାନ)","Who confirmed? (name, designation, location)",,
416,Screen phrase,Enter your name and role,ଆପଣଙ୍କ ନାମ ଓ ପଦ ଲେଖନ୍ତୁ,Write down your name and position.,,
417,Screen phrase,Its opinion can raise attention but can never lower the urgency.,ଏହାର ମତ ଧ୍ୟାନ ବଢ଼ାଇପାରେ କିନ୍ତୁ ଜରୁରୀତା କେବେ କମାଇପାରିବ ନାହିଁ।,"Its views can increase attention, but it can never reduce urgency.",,
418,Screen phrase,Yes — a blood thinner (like warfarin),ହଁ — ରକ୍ତ ପତଳା ଔଷଧ (ଯେପରି ୱାରଫାରିନ୍),Yes - blood thinners (such as warfarin),,
419,Screen phrase,"Speech to text, translation and reading reports on this facility's computer. Your recorded words, and photos of handwritten papers, may also be read by a second engine online, in India (Sarvam AI).","କଥାରୁ ଲେଖା, ଅନୁବାଦ ଓ ରିପୋର୍ଟ ପଢ଼ିବା ଏହି କେନ୍ଦ୍ରର କମ୍ପ୍ୟୁଟରରେ। ଆପଣଙ୍କ ରେକର୍ଡ ହୋଇଥିବା କଥା ଓ ହାତଲେଖା କାଗଜର ଫଟୋକୁ ଭାରତରେ ଥିବା ଆଉ ଏକ ଅନଲାଇନ୍ ସିଷ୍ଟମ୍ (Sarvam AI) ମଧ୍ୟ ପଢ଼ିପାରେ।","The centre's computer can read text, translation, and reports from text. Another online system in India (Sarvam AI) can also read your recorded text and handwritten paper photos.",,
420,Screen phrase,No red or yellow criteria; vital signs measured and within limits; danger-sign check recorded,କୌଣସି ଲାଲ ବା ହଳଦିଆ ମାପଦଣ୍ଡ ନାହିଁ; ଜୀବନ ସଙ୍କେତ ମପାଯାଇଛି ଓ ସୀମା ଭିତରେ; ବିପଦ ସଙ୍କେତ ଯାଞ୍ଚ ଲେଖାଯାଇଛି,There are no red or yellow parameters; life signs are measured and within limits; danger signs are checked.,,
421,Screen phrase,"Not confirmed received at {d}; was due {when}. Phone the destination, then close it on the Referrals page.","{d} ରେ ମିଳିଥିବା ନିଶ୍ଚିତ ହୋଇନାହିଁ; ସମୟସୀମା {when} ଥିଲା। ସେଠାକୁ ଫୋନ୍ କରନ୍ତୁ, ତାପରେ ରେଫରାଲ ପୃଷ୍ଠାରେ ବନ୍ଦ କରନ୍ତୁ।","Found in {d} is not confirmed; the timeout was {when}. Call there, then close on the referral page.",,
422,Screen phrase,"Ordered by rules-engine urgency, then escalated cases, then time waiting since arrival; each row says why it is where it is. Critical cases auto-escalate after 15 minutes.","ନିୟମ-ଇଞ୍ଜିନର ଜରୁରୀତା, ତାପରେ ଏସ୍କାଲେଟ୍ ହୋଇଥିବା ମାମଲା, ତାପରେ ପହଞ୍ଚିବା ପରଠାରୁ ଅପେକ୍ଷା ସମୟ କ୍ରମରେ; ପ୍ରତ୍ୟେକ ଧାଡ଼ି କହେ ଏହା କାହିଁକି ସେଠାରେ ଅଛି। ଗୁରୁତର ମାମଲା 15 ମିନିଟ୍ ପରେ ଆପେ ଏସ୍କାଲେଟ୍ ହୁଏ।","Rules - engine urgency, followed by escalated cases, followed by wait times since arrival; each line says why it is there. Severe cases automatically escalate after 15 minutes.",,
423,Screen phrase,"Pregnant with heavy bleeding, severe abdominal pain, seizures or altered mental status, severe headache, visual changes, SBP ≥160 or DBP ≥110, active labour or trauma","ଗର୍ଭବତୀ, ସହିତ ଅଧିକ ରକ୍ତସ୍ରାବ, ତୀବ୍ର ପେଟ ଯନ୍ତ୍ରଣା, ଅପସ୍ମାର / ଝଟକା ବା ମାନସିକ ଅବସ୍ଥାରେ ପରିବର୍ତ୍ତନ, ତୀବ୍ର ମୁଣ୍ଡବିନ୍ଧା, ଦୃଷ୍ଟିରେ ପରିବର୍ତ୍ତନ, SBP ≥160 ବା DBP ≥110, ସକ୍ରିୟ ପ୍ରସବ ବେଦନା ବା ଆଘାତ","Pregnant, with excessive bleeding, severe abdominal pain, epilepsy / shock or change in mood, severe headache, change in vision, SBP ≥ 160 or DBP ≥ 110, active labor pain or trauma",,
424,Screen phrase,"Answers are read by fixed rules, not by a model: the intake word lists in English, Hindi and Odia, and the English translation for other languages. A word like “less” or “a little” counts as not sure.","ଉତ୍ତର ନିର୍ଦ୍ଦିଷ୍ଟ ନିୟମରେ ପଢ଼ାଯାଏ, ମଡେଲ୍‌ରେ ନୁହେଁ: ଇଂରାଜୀ, ହିନ୍ଦୀ ଓ ଓଡ଼ିଆରେ ଇନଟେକ୍‌ର ଶବ୍ଦ ତାଲିକା, ଏବଂ ଅନ୍ୟ ଭାଷାରେ ଇଂରାଜୀ ଅନୁବାଦ। “କମ୍” ବା “ଟିକେ” ଭଳି ଶବ୍ଦକୁ “ଜାଣିନି” ବୋଲି ଧରାଯାଏ।","The answer is read in the specified rules, not in the model: the word list of intakes in English, Hindi, and Odia, and the English translation in other languages. Words such as ""less"" or ""less"" are assumed to be ""unknown.""",,
425,Screen phrase,Fluid leaking from the vagina (possible rupture of membranes),ଯୋନିରୁ ପାଣି ବାହାରିବା (ସମ୍ଭାବ୍ୟ ଝିଲ୍ଲୀ ଫାଟିବା),Watery discharge from the vagina (possible membrane rupture),,
426,Screen phrase,Spirometry (FEV1) not recorded for a dust-exposed worker,ଧୂଳି ସଂସ୍ପର୍ଶରେ ଥିବା କର୍ମଚାରୀଙ୍କ ସ୍ପାଇରୋମେଟ୍ରି (FEV1) ଲେଖାଯାଇନାହିଁ,The employee's spirometry (FEV1) of dust exposure is not recorded.,,
427,Screen phrase,"MCHC is {m} g/dL, but haemoglobin {h} ÷ PCV {p} % = {e} — one of the three is misread","MCHC {m} g/dL, କିନ୍ତୁ ହିମୋଗ୍ଲୋବିନ୍ {h} ÷ PCV {p} % = {e} — ତିନିଟିରୁ ଗୋଟିଏ ଭୁଲ ପଢ଼ାଯାଇଛି","MCHC {m} g / dL, but hemoglobin {h} ÷ PCV {p}% = {e} - one of three readings",,
428,Screen phrase,"Any blood in the spit, weight loss or sweating at night?","ଛେପରେ ରକ୍ତ, ଓଜନ କମିବା କିମ୍ବା ରାତିରେ ଝାଳ?","Blood in the stool, weight loss, or night sweats?",,
429,Screen phrase,"Every rule has regression tests. On 50 synthetic cases, flipping only the sex changed no urgency; moving only the age changed one, by design (pain over 50).","ପ୍ରତ୍ୟେକ ନିୟମର ପରୀକ୍ଷା ଅଛି। 50ଟି କୃତ୍ରିମ ମାମଲାରେ କେବଳ ଲିଙ୍ଗ ବଦଳାଇଲେ କୌଣସି ଜରୁରୀତା ବଦଳିଲା ନାହିଁ; କେବଳ ବୟସ ବଦଳାଇଲେ ଗୋଟିଏ ବଦଳିଲା, ଜାଣିଶୁଣି (50 ଉପରେ ଯନ୍ତ୍ରଣା)।","There are tests for each rule. In 50 artificial cases, only changing the sex did not change any urgency; only changing the age changed one, intentionally (pain over 50).",,
430,Screen phrase,Never the only engine for a decision; its readings are marked for checking.,କୌଣସି ନିଷ୍ପତ୍ତି ପାଇଁ କେବେ ଏକମାତ୍ର ଇଞ୍ଜିନ୍ ନୁହେଁ; ଏହାର ପଢ଼ା ମୂଲ୍ୟ ଯାଞ୍ଚ ପାଇଁ ଚିହ୍ନିତ।,It is never the sole engine for any decision; its read value is marked for verification.,,
431,Screen phrase,"If the last visit was RED, YELLOW or never fully assessed, or the patient chose no AI, a person calls instead.","ଯଦି ଶେଷ ଭେଟ ଲାଲ, ହଳଦିଆ ବା ଅସମ୍ପୂର୍ଣ୍ଣ ଯାଞ୍ଚ ଥିଲା, ବା ରୋଗୀ AI ବାଛିନାହାନ୍ତି, ତେବେ ଜଣେ ବ୍ୟକ୍ତି ଫୋନ୍ କରନ୍ତି।","If the last visit was a red, yellow, or incomplete checkup, or the patient has not chosen AI, a person calls.",,
432,Screen phrase,"Outside evaluation suggesting a time-sensitive emergency (ACS, dissection, stroke, sepsis, leukaemia, recent chemotherapy, potassium > 5.5)","ବାହାର ଯାଞ୍ଚରେ ସମୟ-ସମ୍ବେଦନଶୀଳ ଜରୁରୀ ଅବସ୍ଥାର ସଙ୍କେତ (ACS, ଡିସେକ୍ସନ୍, ଷ୍ଟ୍ରୋକ୍, ସେପ୍ସିସ୍, ଲ୍ୟୁକେମିଆ, ସାମ୍ପ୍ରତିକ କେମୋଥେରାପି, ପୋଟାସିୟମ୍ > 5.5)","Signs of a time-sensitive emergency in external examination (ACS, dissection, stroke, sepsis, leukemia, current chemotherapy, potassium > 5.5)",,
433,Screen phrase,You can raise the urgency at any time; only a doctor can lower it. The original rules output is kept.,ଆପଣ ଯେକୌଣସି ସମୟରେ ଜରୁରୀତା ବଢ଼ାଇପାରିବେ; କେବଳ ଡାକ୍ତର ଏହାକୁ କମାଇପାରିବେ। ନିୟମର ମୂଳ ଫଳାଫଳ ରଖାଯାଏ।,You can increase the urgency at any time; only the doctor can reduce it. The basic results of the rule are kept.,,
434,Screen phrase,Reads kiosk questions aloud where the device has no voice for the language (Windows has none for Odia).,"ଯେଉଁଠି ଡିଭାଇସରେ ଭାଷାର ସ୍ୱର ନାହିଁ, ସେଠି କିଓସ୍କ ପ୍ରଶ୍ନ ପଢ଼ି ଶୁଣାଏ (Windowsରେ ଓଡ଼ିଆ ସ୍ୱର ନାହିଁ)।","Where the device does not have a language voice, the kiosk reads the question (Windows does not have an Odia voice).",,
435,Screen phrase,An automated call is weak evidence: people often give the safe answer to an unfamiliar voice. The follow-up stays open until the visit.,ସ୍ୱୟଂଚାଳିତ କଲ୍ ଦୁର୍ବଳ ପ୍ରମାଣ: ଲୋକେ ଅଚିହ୍ନା ସ୍ୱରକୁ ପ୍ରାୟତଃ ନିରାପଦ ଉତ୍ତର ଦିଅନ୍ତି। ଭେଟ ପର୍ଯ୍ୟନ୍ତ ଫଲୋ-ଅପ୍ ଖୋଲା ରହେ।,Automated call weak evidence: People often respond securely to an unrecognized voice. Follow-up is open until the meeting.,,
436,Screen phrase,Find an expected patient,ଅପେକ୍ଷିତ ରୋଗୀ ଖୋଜନ୍ତୁ,Find the patient you're looking for,,
437,Screen phrase,{name} checked in — token {token},{name} ଚେକ୍-ଇନ୍ ହେଲେ — ଟୋକେନ୍ {token},{name} check-in - token {token},,
438,Screen phrase,Read online from handwriting by Sarvam Vision,ହାତଲେଖା Sarvam Vision ଅନଲାଇନରେ ପଢ଼ିଲା,Handwritten Sarvam Vision read online,,
439,Screen phrase,Read from a photo and matched to the Jan Aushadhi generic list or a list of Indian brands — confirm each one against the strip or prescription,ଫଟୋରୁ ପଢ଼ି ଜନ ଔଷଧି ଜେନେରିକ ତାଲିକା ବା ଭାରତୀୟ ବ୍ରାଣ୍ଡ ତାଲିକା ସହ ମିଳାଯାଇଛି — ପ୍ରତ୍ୟେକକୁ ପତା ବା ପ୍ରେସକ୍ରିପସନ ସହ ମିଳାଇ ନିଶ୍ଚିତ କରନ୍ତୁ,Make sure to read from the photo and match it to the Jan Aushadhi generic list or the Indian brand list - each with a leaf or prescription.,,
440,Screen phrase,Long-term conditions,ଦୀର୍ଘକାଳୀନ ରୋଗ,Long-term illness,,
441,Screen phrase,Danger sign on a call — a person must call back,କଲ୍‌ରେ ବିପଦ ସଙ୍କେତ — ଜଣେ ବ୍ୟକ୍ତି ଫେରି ଫୋନ୍ କରିବା ଦରକାର,Danger Signs on the Call - A person needs to call back,,
442,Screen phrase,A person must call,ଜଣେ ବ୍ୟକ୍ତି ଫୋନ୍ କରିବା ଦରକାର,A person needs to call.,,
443,Screen phrase,See the call,କଲ୍ ଦେଖନ୍ତୁ,Look at the call.,,
444,Screen phrase,speaking to the patient,ରୋଗୀଙ୍କ ସହ କଥା,Talk to the patient.,,
445,Screen phrase,someone else — nothing about health is said,ଅନ୍ୟ କେହି — ସ୍ୱାସ୍ଥ୍ୟ ବିଷୟରେ କିଛି କୁହାଯାଏ ନାହିଁ,No one else - nothing to say about health,,
446,Screen phrase,"A person must call, not the agent","ଏଜେଣ୍ଟ ନୁହେଁ, ଜଣେ ବ୍ୟକ୍ତି ଫୋନ୍ କରିବା ଦରକାର","A person, not an agent, needs to call.",,
447,Screen phrase,Said they can come this week.,କହିଲେ ଏହି ସପ୍ତାହରେ ଆସିପାରିବେ।,He said he could come this week.,,
448,Screen phrase,Follow-up not found,ଫଲୋ-ଅପ୍ ମିଳିଲା ନାହିଁ,No follow-up found,,
449,Screen phrase,{n} expected from home,ଘରୁ {n} ଜଣ ଆସିବାର ଅଛି,{n} people have to come from home,,
450,Screen phrase,Fall from height — high-risk chief complaint (odds ratio 3.88),ଉଚ୍ଚସ୍ଥାନରୁ ପଡ଼ିବା — ଉଚ୍ଚ-ବିପଦ ମୁଖ୍ୟ ଅଭିଯୋଗ (ଅଡସ୍ ରେସିଓ 3.88),Falling from a high position - high-risk main complaint (Odds ratio 3.88),,
451,Screen phrase,Talking in incomplete sentences,ଅସମ୍ପୂର୍ଣ୍ଣ ବାକ୍ୟରେ କଥା କହିବା,Speak in incomplete sentences,,
452,Screen phrase,Acute general weakness,ହଠାତ୍ ସାଧାରଣ ଦୁର୍ବଳତା,Sudden general weakness,,
453,Screen phrase,Other trauma or burns,ଅନ୍ୟ ଆଘାତ ବା ପୋଡ଼ା,Other injuries or burns,,
454,Screen phrase,Chest indrawing (pneumonia),ଛାତି ଭିତରକୁ ଟାଣିହେବା (ନିମୋନିଆ),Pulling into the chest (pneumonia),,
455,Screen phrase,Blood in stool (dysentery),ମଳରେ ରକ୍ତ (ଆମାଶୟ),Blood in the stool (stomach),,
456,Screen phrase,Any trauma in pregnancy,ଗର୍ଭାବସ୍ଥାରେ ଯେକୌଣସି ଆଘାତ,Any injuries during pregnancy.,,
457,Screen phrase,Dust exposure with cough or breathlessness for more than 8 weeks,ଧୂଳି ସଂସ୍ପର୍ଶ ସହ 8 ସପ୍ତାହରୁ ଅଧିକ କାଶ ବା ନିଶ୍ୱାସ ଫୁଲିବା,Coughing or shortness of breath for more than 8 weeks with dust contact,,
458,Screen phrase,"Value read as ""{a}"" — taken as {b}; check the slip","ମୂଲ୍ୟ ""{a}"" ପଢ଼ାଗଲା — {b} ଧରାଗଲା; ସ୍ଲିପ୍ ଯାଞ୍ଚ କରନ୍ତୁ","Value ""{a}"" read - {b} captured; check slip",,
459,Screen phrase,"The report marks this High, but {v} is inside the printed range {r} — the value, the range or the mark is misread","ରିପୋର୍ଟ ଏହାକୁ High ଦର୍ଶାଏ, କିନ୍ତୁ {v} ଛପା ସୀମା {r} ଭିତରେ — ମୂଲ୍ୟ, ସୀମା ବା ଚିହ୍ନ ଭୁଲ ପଢ଼ାଯାଇଛି","The report shows it as High, but within the {v} printed range {r} - the value, range, or symbol is misread.",,
460,Screen phrase,No recognised lab values — the reviewer should read the document directly,କୌଣସି ଚିହ୍ନିତ ଲ୍ୟାବ୍ ମୂଲ୍ୟ ନାହିଁ — ସମୀକ୍ଷକ ଦସ୍ତାବିଜ ସିଧାସଳଖ ପଢ଼ନ୍ତୁ,No marked lab value - read the reviewer document directly,,
461,Screen phrase,Report is {n} days old (dated {d}) — values may not reflect today,ରିପୋର୍ଟ {n} ଦିନ ପୁରୁଣା (ତାରିଖ {d}) — ମୂଲ୍ୟ ଆଜିର ଅବସ୍ଥା ଦର୍ଶାଇନପାରେ,Report {n} days old (date {d}) - value may not show today's status,,
462,Screen phrase,The WBC differential adds up to {s} % (should be 100 %) — one of these is misread,WBC ଡିଫରେନ୍ସିଆଲ୍‌ର ଯୋଗଫଳ {s} % (100 % ହେବା ଉଚିତ) — ଏଥିରୁ ଗୋଟିଏ ଭୁଲ ପଢ଼ାଯାଇଛି,The sum of the WBC differentials is {s}% (should be 100%) - one of these read incorrectly,,
463,Screen phrase,Albumin {a} g/dL is more than the total protein {p} — one of the two is misread,ଆଲବୁମିନ୍ {a} g/dL ମୋଟ ପ୍ରୋଟିନ୍ {p} ରୁ ଅଧିକ — ଦୁଇଟିରୁ ଗୋଟିଏ ଭୁଲ ପଢ଼ାଯାଇଛି,Albumin {a} g / dL greater than total protein {p} - one of two read errors,,
464,Screen phrase,Direct bilirubin {d} mg/dL is more than the total {t} — one of the two is misread,ଡାଇରେକ୍ଟ ବିଲିରୁବିନ୍ {d} mg/dL ମୋଟ {t} ରୁ ଅଧିକ — ଦୁଇଟିରୁ ଗୋଟିଏ ଭୁଲ ପଢ଼ାଯାଇଛି,Direct bilirubin {d} mg / dL greater than {t} total - one of two read errors,,
465,Screen phrase,"Any reviewer can raise a case's urgency; only a doctor can lower it, with a written reason. The rules' own output is kept on every case.",ଯେକୌଣସି ସମୀକ୍ଷକ କେସର ଜରୁରୀତା ବଢ଼ାଇପାରିବେ; କେବଳ ଡାକ୍ତର ଲିଖିତ କାରଣ ସହ ଏହାକୁ କମାଇପାରିବେ। ପ୍ରତ୍ୟେକ କେସରେ ନିୟମର ନିଜ ଫଳାଫଳ ରଖାଯାଏ।,Any reviewer can increase the need for the case; only the doctor can reduce it with a written reason. Each case has its own set of rules.,,
466,Screen phrase,Enter a valid age,ସଠିକ୍ ବୟସ ଲେଖନ୍ତୁ,Enter the correct age,,
467,Screen phrase,Weeks of pregnancy should be 1–42,ଗର୍ଭାବସ୍ଥାର ସପ୍ତାହ 1–42 ମଧ୍ୟରେ ହେବା ଉଚିତ,The week of pregnancy should be within 1-42.,,
468,Screen phrase,Shared household phone,ଘରର ସାଝା ଫୋନ୍,A shared home phone,,
469,Screen phrase,Was due {when},ସମୟସୀମା {when} ଥିଲା,The time period was {when},,
470,Screen phrase,"This facility is set to online only: with no network, the kiosk asks staff to use the paper form. A supervisor can turn on offline-first kiosks in Facility setup.",ଏହି କେନ୍ଦ୍ର କେବଳ ଅନଲାଇନ୍ ଭାବେ ସେଟ୍ ଅଛି: ନେଟୱାର୍କ ନଥିଲେ କିଓସ୍କ କର୍ମଚାରୀଙ୍କୁ କାଗଜ ଫର୍ମ ବ୍ୟବହାର କରିବାକୁ କହେ। ସୁପରଭାଇଜର ଫାସିଲିଟି ସେଟଅପରେ ଅଫଲାଇନ୍ କିଓସ୍କ ଚାଲୁ କରିପାରିବେ।,"The center is set up online only: if there is no network, the kiosk asks employees to use paper forms. The supervisor can run the kiosk offline in the facility setup.",,
471,Screen phrase,"It is not an AI model, and it does not diagnose. A clinician reviews every case.","ଏହା AI ମଡେଲ୍ ନୁହେଁ, ଏବଂ ଏହା ରୋଗ ନିର୍ଣ୍ଣୟ କରେ ନାହିଁ। ପ୍ରତ୍ୟେକ ମାମଲା ଜଣେ ଚିକିତ୍ସକ ଦେଖନ୍ତି।","It is not an AI model, and it does not diagnose. Each case is seen by a physician.",,
472,Screen phrase,Its words are read back to the patient and never set the urgency alone.,ଏହାର ଶବ୍ଦ ରୋଗୀଙ୍କୁ ପଢ଼ି ଶୁଣାଯାଏ ଏବଂ ଏକା କେବେ ଜରୁରୀତା ସ୍ଥିର କରେ ନାହିଁ।,Its sound is read to the patient and never determines the urgency alone.,,
473,Screen phrase,Not yet measured: no access key so far.,ଏପର୍ଯ୍ୟନ୍ତ ମପାଯାଇନାହିଁ: ଏପର୍ଯ୍ୟନ୍ତ ଆକ୍ସେସ୍ କି ନାହିଁ।,Not yet measured: Access or not yet.,,
474,Screen phrase,Blood in the spit,ଛେପରେ ରକ୍ତ,Blood in the veins,,
475,Screen phrase,Yes — blood in stool,ହଁ — ଝାଡ଼ାରେ ରକ୍ତ,Yes - blood in the broom,,
476,Screen phrase,Yes — all done,ହଁ — ସବୁ ହୋଇଛି,"Yeah, it's all done.",,
477,Screen phrase,Yes — other medicines,ହଁ — ଅନ୍ୟ ଔଷଧ,Yes - other drugs.,,
478,Screen phrase,"One voice per language, flat and slightly robotic. Numbers and English words can be mispronounced.","ପ୍ରତି ଭାଷାରେ ଗୋଟିଏ ସ୍ୱର, ସମତଳ ଓ ଟିକେ ଯାନ୍ତ୍ରିକ। ସଂଖ୍ୟା ଓ ଇଂରାଜୀ ଶବ୍ଦ ଭୁଲ ଉଚ୍ଚାରଣ ହୋଇପାରେ।","Each language has one vowel, flat, and slightly mechanical. Numbers and English words can be misspelled.",,
479,Screen phrase,"The absolute counts add up to {s} /µL, but the total WBC is {w} — one of these is misread","ଆବସୋଲ୍ୟୁଟ୍ କାଉଣ୍ଟର ଯୋଗଫଳ {s} /µL, କିନ୍ତୁ ମୋଟ WBC {w} — ଏଥିରୁ ଗୋଟିଏ ଭୁଲ ପଢ଼ାଯାଇଛି","The sum of the absolute counters is {s} / μL, but the total WBC {w} - one of these is read incorrectly.",,
480,Screen phrase,HDL {h} + LDL {l} is more than the total cholesterol {c} — one of the three is misread,HDL {h} + LDL {l} ମୋଟ କୋଲେଷ୍ଟେରଲ୍ {c} ରୁ ଅଧିକ — ତିନିଟିରୁ ଗୋଟିଏ ଭୁଲ ପଢ଼ାଯାଇଛି,HDL {h} + LDL {l} greater than total cholesterol {c} - one in three misreads,,
481,Screen phrase,"Patients under 18 need consent from a parent or guardian. Choose Mother, Father or Guardian.","18 ବର୍ଷରୁ କମ୍ ରୋଗୀଙ୍କ ପାଇଁ ପିତାମାତା ବା ଅଭିଭାବକଙ୍କ ସମ୍ମତି ଆବଶ୍ୟକ। ମା, ବାପା ବା ଅଭିଭାବକ ବାଛନ୍ତୁ।","For patients under 18, parental or guardian consent is required. Choose a mother, father, or guardian.",,
482,Screen phrase,"FLEURS read speech, 25 clips per language: word errors Hindi 10.7 %, Kannada 20.6 %, Odia 21.6 %. By speaker sex: Hindi women 13.9 %, men 7.0 %; Kannada women 17.3 %, men 24.2 %; Odia has only women speakers in this set.","FLEURS ପଢ଼ାଯାଇଥିବା କଥା, ପ୍ରତି ଭାଷାରେ 25ଟି କ୍ଲିପ୍: ଶବ୍ଦ ତ୍ରୁଟି ହିନ୍ଦୀ 10.7 %, କନ୍ନଡ 20.6 %, ଓଡ଼ିଆ 21.6 %। ବକ୍ତାଙ୍କ ଲିଙ୍ଗ ଅନୁଯାୟୀ: ହିନ୍ଦୀ ମହିଳା 13.9 %, ପୁରୁଷ 7.0 %; କନ୍ନଡ ମହିଳା 17.3 %, ପୁରୁଷ 24.2 %; ଏହି ସେଟରେ ଓଡ଼ିଆରେ କେବଳ ମହିଳା ବକ୍ତା।","FLEURS readings, 25 clips per language: Word errors Hindi 10.7%, Kannada 20.6%, Odia 21.6%. By gender of speakers: Hindi female 13.9%, male 7. 0%; Kannada female 17.3%, male 24.2%; in this set, Odia has only female speakers.",,
483,Screen phrase,Read printed lab reports. Two engines read each report; a difference is flagged.,ଛପା ଲ୍ୟାବ୍ ରିପୋର୍ଟ ପଢ଼ନ୍ତି। ପ୍ରତ୍ୟେକ ରିପୋର୍ଟ ଦୁଇଟି ଇଞ୍ଜିନ୍ ପଢ଼ନ୍ତି; ପାର୍ଥକ୍ୟ ଥିଲେ ସଙ୍କେତ ଦିଆଯାଏ।,The printed lab reads the report. Each report is read by two engines; differences are indicated.,,
484,Screen phrase,Close the referral only when the destination confirms the patient was seen. The receiving clinician can also confirm from the QR summary.,ଗନ୍ତବ୍ୟ ସ୍ଥାନ ରୋଗୀଙ୍କୁ ଦେଖାଯାଇଥିବା ନିଶ୍ଚିତ କଲେ ହିଁ ରେଫରାଲ ବନ୍ଦ କରନ୍ତୁ। ଗ୍ରହଣକାରୀ ଡାକ୍ତର QR ସାରାଂଶରୁ ମଧ୍ୟ ନିଶ୍ଚିତ କରିପାରିବେ।,Stop the referral only if you confirm that the destination patient has been seen. The receiving doctor can also confirm from the QR summary.,,
485,Screen phrase,You get a reference number. Show it at the desk when you arrive; your place in the queue starts then.,ଆପଣ ଏକ ରେଫରେନ୍ସ ନମ୍ବର ପାଇବେ। ପହଞ୍ଚିଲେ ଏହାକୁ କାଉଣ୍ଟରରେ ଦେଖାନ୍ତୁ; ଧାଡ଼ିରେ ଆପଣଙ୍କ ସ୍ଥାନ ସେତେବେଳୁ ଗଣାଯିବ।,You'll get a reference number. Show it at the counter when you arrive; your spot in the line will be counted by then.,,
486,Screen phrase,e.g. Phoned her back; coming in today with her husband,ଯେପରି: ଫେରି ଫୋନ୍ କଲି; ଆଜି ସ୍ୱାମୀଙ୍କ ସହ ଆସୁଛନ୍ତି,Like: I called back; I'm coming with my husband today.,,
487,Screen phrase,"Active bleeding — nose, gums, vomiting blood or other","ଚାଲୁଥିବା ରକ୍ତସ୍ରାବ — ନାକ, ମାଢ଼ି, ରକ୍ତ ବାନ୍ତି କିମ୍ବା ଅନ୍ୟ","Ongoing bleeding - nose, gums, vomiting, or other",,
488,Screen phrase,Fast breathing — 60 or more per minute under 2 months,ଦ୍ରୁତ ନିଶ୍ୱାସ — 2 ମାସରୁ କମ୍ ବୟସରେ ପ୍ରତି ମିନିଟରେ 60 ବା ଅଧିକ,Rapid breathing - 60 or more breaths per minute at less than 2 months of age,,
489,Screen phrase,Fever and too weak to get out of bed,ଜ୍ୱର ଏବଂ ବିଛଣାରୁ ଉଠି ନ ପାରିବା ଭଳି ଦୁର୍ବଳତା,Fever and inability to get out of bed,,
490,Screen phrase,Cough or breathlessness after 5 or more years of silica exposure,5 ବା ଅଧିକ ବର୍ଷର ସିଲିକା ସଂସ୍ପର୍ଶ ପରେ କାଶ ବା ନିଶ୍ୱାସ ଫୁଲିବା,Coughing or shortness of breath after 5 or more years of silica exposure,,
491,Screen phrase,Needs checking — confirm the date of the lab slip,ଯାଞ୍ଚ ଦରକାର — ଲ୍ୟାବ୍ ସ୍ଲିପ୍‌ର ତାରିଖ ନିଶ୍ଚିତ କରନ୍ତୁ,Check Required - Confirm the date of the lab slip,,
492,Screen phrase,Local facility rule (not from a published protocol),ସ୍ଥାନୀୟ କେନ୍ଦ୍ରର ନିୟମ (କୌଣସି ପ୍ରକାଶିତ ପ୍ରୋଟୋକଲ୍‌ରୁ ନୁହେଁ),Local center rules (not from any published protocol),,
493,Screen phrase,Second OCR engine read {v} — check the crop,ଦ୍ୱିତୀୟ OCR ଇଞ୍ଜିନ୍ {v} ପଢ଼ିଲା — ଛବିର ଅଂଶ ଯାଞ୍ଚ କରନ୍ତୁ,Second OCR engine {v} read - Check image part,,
494,Screen phrase,Second OCR engine read the reference range as {r},ଦ୍ୱିତୀୟ OCR ଇଞ୍ଜିନ୍ ସନ୍ଦର୍ଭ ସୀମା {r} ପଢ଼ିଲା,Second OCR engine read reference limit {r},,
495,Screen phrase,"VLDL is {v} mg/dL, but triglycerides {t} ÷ 5 = {e} — one of the two is misread","VLDL {v} mg/dL, କିନ୍ତୁ ଟ୍ରାଇଗ୍ଲିସେରାଇଡ୍ {t} ÷ 5 = {e} — ଦୁଇଟିରୁ ଗୋଟିଏ ଭୁଲ ପଢ଼ାଯାଇଛି","VLDL {v} mg / dL, but triglyceride {t} ÷ 5 = {e} - one of the two read wrong",,
496,Screen phrase,{a}. With the second OCR engine's reading of {t} ({v}) it adds up,{a}। ଦ୍ୱିତୀୟ OCR ଇଞ୍ଜିନ୍‌ର {t} ପଢ଼ା ({v}) ସହ ହିସାବ ମିଳିଯାଏ,{a}. Calculates with the {t} read ({v}) of the second OCR engine,,
497,Screen phrase,Patient seen here? Your name and role,ରୋଗୀଙ୍କୁ ଏଠାରେ ଦେଖାଗଲା? ଆପଣଙ୍କ ନାମ ଓ ପଦ,Did the patient show up here? Your name and address,,
498,Screen phrase,Another date moves to the next clinic day.,ଅନ୍ୟ ତାରିଖ ପରବର୍ତ୍ତୀ କ୍ଲିନିକ୍ ଦିନକୁ ଚାଲିଯାଏ।,The other date goes to the next clinic day.,,
499,Screen phrase,Machine translated — please read it out to the patient.,ମେସିନ୍ ଅନୁବାଦ — ଦୟାକରି ରୋଗୀଙ୍କୁ ପଢ଼ି ଶୁଣାନ୍ତୁ।,Machine translation - Please read to the patient.,,
500,Screen phrase,"It was less urgent than the rules on four RED cases. Its text is used only when it passes fact checks, otherwise the reviewer sees a template.","ଚାରିଟି ଲାଲ ମାମଲାରେ ଏହା ନିୟମଠାରୁ କମ୍ ଜରୁରୀ କହିଲା। ତଥ୍ୟ-ଯାଞ୍ଚ ପାସ୍ କଲେ ହିଁ ଏହାର ଲେଖା ବ୍ୟବହାର ହୁଏ, ନଚେତ୍ ସମୀକ୍ଷକ ସ୍ଥିର ଢାଞ୍ଚା ଦେଖନ୍ତି।","In four of the red cases, it said it was less important than the rule. Its text is only used if the fact-check is passed, otherwise the reviewer sees the static pattern.",,
501,Screen phrase,"Audio or a photo, only when the patient chose AI helpers; fixed prompts for the voice. Hosted in India.","ଅଡିଓ କିମ୍ବା ଫଟୋ, କେବଳ ଯେତେବେଳେ ରୋଗୀ AI ସହାୟକ ବାଛିଛନ୍ତି; ସ୍ୱର ପାଇଁ ସ୍ଥିର ବାକ୍ୟ। ଭାରତରେ ହୋଷ୍ଟ।","Audio or photo, only when the patient has chosen the AI assistant; fixed sentence for voice. Host in India.",,
502,Screen phrase,"Voice: Sarvam Bulbul (online). It speaks the fixed line shown, nothing else.","ସ୍ୱର: Sarvam Bulbul (ଅନଲାଇନ୍)। ଏହା କେବଳ ଦେଖାଯାଉଥିବା ନିର୍ଦ୍ଦିଷ୍ଟ ଧାଡ଼ି କହେ, ଆଉ କିଛି ନୁହେଁ।","Voice: Sarvam Bulbul (online). It says only the specified line that appears, nothing else.",,
503,Screen phrase,Only a doctor or medical officer can lower the urgency; you can raise it or escalate,କେବଳ ଡାକ୍ତର କିମ୍ବା ମେଡିକାଲ ଅଫିସର ଜରୁରୀତା କମାଇପାରିବେ; ଆପଣ ଏହାକୁ ବଢ଼ାଇପାରିବେ କିମ୍ବା ଏସ୍କାଲେଟ୍ କରିପାରିବେ,Only a doctor or medical officer can reduce the need; you can increase or escalate it.,,
504,Screen phrase,"Online second hearing, a voice for languages with no offline voice, and handwriting reading.","ଅନଲାଇନ୍ ଦ୍ୱିତୀୟ ଥର ଶୁଣିବା, ଅଫଲାଇନ୍ ସ୍ୱର ନଥିବା ଭାଷା ପାଇଁ ସ୍ୱର, ଓ ହାତଲେଖା ପଢ଼ିବା।","Listening for a second time online, voicing for a language without an offline voice, and reading handwriting.",,
505,Screen phrase,We are not sure we heard this correctly. A health worker will ask you about it. You can also say it again or tap the pictures.,ଆମେ ଠିକ୍ ଶୁଣିଲୁ କି ନାହିଁ ନିଶ୍ଚିତ ନୁହେଁ। ସ୍ୱାସ୍ଥ୍ୟକର୍ମୀ ଆପଣଙ୍କୁ ଏ ବିଷୟରେ ପଚାରିବେ। ଆପଣ ପୁଣି କହିପାରିବେ କିମ୍ବା ଚିତ୍ର ଦବାଇପାରିବେ।,Not sure if we heard right. The health worker will ask you about this. You can say it again or click the picture.,,
506,Screen phrase,Call with the script,ସ୍କ୍ରିପ୍ଟ ସହ ଫୋନ୍ କରନ୍ତୁ,Call with script,,
507,Screen phrase,No phone: a home visit is needed,ଫୋନ୍ ନାହିଁ: ଘର ପରିଦର୍ଶନ ଦରକାର,No phone: need a home visit,,
508,Screen phrase,"Routine follow-up: the agent may call, and any danger sign hands the call to a person","ସାଧାରଣ ଫଲୋ-ଅପ୍: ଏଜେଣ୍ଟ କଲ୍ କରିପାରେ, ଏବଂ ଯେକୌଣସି ବିପଦ ସଙ୍କେତ କଲ୍‌କୁ ଜଣେ ବ୍ୟକ୍ତିଙ୍କୁ ଦେଇଦିଏ","Typical follow-up: The agent may make the call, and pass any danger signal the call to a person.",,
509,Screen phrase,What the agent may do,ଏଜେଣ୍ଟ କ'ଣ କରିପାରେ,What the agent can do.,,
510,Screen phrase,No clear answer to a danger-sign question — a person must call,ବିପଦ ପ୍ରଶ୍ନର ସ୍ପଷ୍ଟ ଉତ୍ତର ନାହିଁ — ଜଣେ ବ୍ୟକ୍ତି ଫୋନ୍ କରିବା ଦରକାର,There's no clear answer to the danger question - a person needs to call.,,
511,Screen phrase,The questions were not finished. Try again or visit.,ପ୍ରଶ୍ନ ଶେଷ ହୋଇନାହିଁ। ପୁଣି ଚେଷ୍ଟା କରନ୍ତୁ ବା ଘର ପରିଦର୍ଶନ କରନ୍ତୁ।,The question is not finished. Try again or visit the house.,,
512,Screen phrase,Ring the demo phone {n},ଡେମୋ ଫୋନ୍ {n}କୁ କଲ୍ କରନ୍ତୁ,Call the demo phone {n},,
513,Screen phrase,Vomiting blood — high-risk chief complaint (odds ratio 3.88),ରକ୍ତ ବାନ୍ତି — ଉଚ୍ଚ-ବିପଦ ମୁଖ୍ୟ ଅଭିଯୋଗ (ଅଡସ୍ ରେସିଓ 3.88),Vomiting - High-risk main complaint (Odds ratio 3.88),,
514,Screen phrase,Angioedema involving the face,ମୁହଁରେ ଆଞ୍ଜିଓଏଡିମା (ଫୁଲା),Angioedema (swelling) of the face,,
515,Screen phrase,Respiratory rate > 22 or < 10 per minute,ନିଶ୍ୱାସ ହାର ପ୍ରତି ମିନିଟରେ > 22 କିମ୍ବା < 10,Breathing rate > 22 or < 10 per minute,,
516,Screen phrase,Suspected stroke presenting within 24 h,"ସନ୍ଦିଗ୍ଧ ଷ୍ଟ୍ରୋକ୍, 24 ଘଣ୍ଟା ଭିତରେ","Suspected stroke, within 24 hours.",,
517,Screen phrase,Severe pain anywhere in the body (self-rated 7/10 or more),ଶରୀରର ଯେକୌଣସି ସ୍ଥାନରେ ତୀବ୍ର ଯନ୍ତ୍ରଣା (ନିଜେ କହିଥିବା 7/10 ବା ଅଧିକ),Acute pain anywhere on the body (self-reported 7/10 or more),,
518,Screen phrase,Any burn at age over 70,70 ବର୍ଷରୁ ଅଧିକ ବୟସରେ ଯେକୌଣସି ପୋଡ଼ା,Any burns over the age of 70,,
519,Screen phrase,High-risk vital sign — AVPU other than Alert,ଉଚ୍ଚ-ବିପଦ ଜୀବନ ସଙ୍କେତ — AVPU ସଜାଗ (Alert) ଛଡ଼ା ଅନ୍ୟ,High-risk life signals - other than an AVPU alert,,
520,Screen phrase,Fever with stiff neck (very severe febrile disease),ବେକ ଟାଣ ସହ ଜ୍ୱର (ଅତି ଗମ୍ଭୀର ଜ୍ୱର ରୋଗ),Neck tightness with fever (very severe febrile illness),,
521,Screen phrase,Diarrhoea for 14 days or more,14 ଦିନ ବା ଅଧିକ ଧରି ତରଳ ଝାଡ଼ା,Fluid rubbing for 14 days or more,,
522,Screen phrase,{n} medicine name(s) read from a strip or prescription — awaiting confirmation,ଷ୍ଟ୍ରିପ୍ ବା ପ୍ରେସକ୍ରିପସନ୍‌ରୁ {n}ଟି ଔଷଧ ନାମ ପଢ଼ାଗଲା — ନିଶ୍ଚିତକରଣ ବାକି,{n} drug name read from strip or prescription - confirmation remaining,,
523,Screen phrase,{n} RED rule(s) could not be ruled out: {ids} — {src},{n}ଟି RED ନିୟମ ବାଦ ଦିଆଯାଇପାରିଲା ନାହିଁ: {ids} — {src},The {n} RED rule could not be omitted: {ids} - {src},,
524,Screen phrase,"The report marks this Low, but {v} is inside the printed range {r} — the value, the range or the mark is misread","ରିପୋର୍ଟ ଏହାକୁ Low ଦର୍ଶାଏ, କିନ୍ତୁ {v} ଛପା ସୀମା {r} ଭିତରେ — ମୂଲ୍ୟ, ସୀମା ବା ଚିହ୍ନ ଭୁଲ ପଢ଼ାଯାଇଛି","The report shows it to be low, but {v} within the printed range {r} - the value, range, or mark is misread.",,
525,Screen phrase,"The report marks this Low, but {v} is above the printed range {r} — the value, the range or the mark is misread","ରିପୋର୍ଟ ଏହାକୁ Low ଦର୍ଶାଏ, କିନ୍ତୁ {v} ଛପା ସୀମା {r} ରୁ ଉପରେ — ମୂଲ୍ୟ, ସୀମା ବା ଚିହ୍ନ ଭୁଲ ପଢ଼ାଯାଇଛି","The report shows it as low, but above the {v} printed limit {r} - the value, limit, or mark is misread.",,
526,Screen phrase,"MCV is {m} fL, but PCV {p} ÷ RBC {r} × 10 = {e} — one of the three is misread","MCV {m} fL, କିନ୍ତୁ PCV {p} ÷ RBC {r} × 10 = {e} — ତିନିଟିରୁ ଗୋଟିଏ ଭୁଲ ପଢ଼ାଯାଇଛି","MCV {m} fL, but PCV {p} ÷ RBC {r} × 10 = {e} - one of three read errors",,
527,Screen phrase,"MCH is {m} pg, but haemoglobin {h} ÷ RBC {r} × 10 = {e} — one of the three is misread","MCH {m} pg, କିନ୍ତୁ ହିମୋଗ୍ଲୋବିନ୍ {h} ÷ RBC {r} × 10 = {e} — ତିନିଟିରୁ ଗୋଟିଏ ଭୁଲ ପଢ଼ାଯାଇଛି","MCH {m} pg, but hemoglobin {h} ÷ RBC {r} × 10 = {e} - one of the three readings is incorrect",,
528,Screen phrase,This case is already RED. Only a doctor can lower it; use Escalate to call one.,ଏହି କେସ୍ ପୂର୍ବରୁ RED ଅଛି। କେବଳ ଡାକ୍ତର ଏହାକୁ କମାଇପାରିବେ; ଡାକ୍ତରଙ୍କୁ ଡାକିବାକୁ ଏସ୍କାଲେଟ୍ କରନ୍ତୁ।,This case already has RED. Only the doctor can reduce it; escalate to call the doctor.,,
529,Screen phrase,No rules fired in this period,ଏହି ଅବଧିରେ କୌଣସି ନିୟମ ଲାଗୁ ହୋଇନାହିଁ,No rules have been applied during this period.,,
530,Screen phrase,Part of the automatic processing failed — check the source directly,ସ୍ୱୟଂଚାଳିତ ପ୍ରକ୍ରିୟାର ଏକ ଅଂଶ ବିଫଳ ହେଲା — ମୂଳ ଉତ୍ସ ସିଧାସଳଖ ଯାଞ୍ଚ କରନ୍ତୁ,Part of the automated process failed - check the original source directly,,
531,Screen phrase,Enter the patient's name,ରୋଗୀଙ୍କ ନାମ ଲେଖନ୍ତୁ,Write the patient's name.,,
532,Screen phrase,Choose the visit type,ଆସିବାର ପ୍ରକାର ବାଛନ୍ତୁ,Choose the type of arrival,,
533,Screen phrase,Care received — confirmed by {who},ଚିକିତ୍ସା ମିଳିଛି — {who} ନିଶ୍ଚିତ କରିଛନ୍ତି,Treatment received - {who} confirmed,,
534,Screen phrase,Referral closed — care received,ରେଫରାଲ ବନ୍ଦ — ଚିକିତ୍ସା ମିଳିଛି,Referral closed - treatment received,,
535,Screen phrase,and days of the month,ଓ ମାସର ତାରିଖ,and the date of the month.,,
536,Screen phrase,"Holidays (YYYY-MM-DD, comma separated)","ଛୁଟି (YYYY-MM-DD, କମା ଦେଇ ଅଲଗା)","Holidays (YYYY-MM-DD, separated by commas)",,
537,Screen phrase,speech not yet measured,କଥା ଏପର୍ଯ୍ୟନ୍ତ ମପାଯାଇନାହିଁ,The word has not yet been measured,,
538,Screen phrase,"Only as good as its rules. Unknown vitals are never treated as normal, so many cases stay YELLOW until measured.","ଏହା ନିଜ ନିୟମ ଯେତିକି ଭଲ ସେତିକି। ଅଜଣା ଜୀବନ-ସଙ୍କେତ କେବେ ସାଧାରଣ ଧରାଯାଏ ନାହିଁ, ତେଣୁ ଅନେକ ମାମଲା ମପାଯିବା ଯାଏ ହଳଦିଆ ରହେ।","It is as good as its rules. Unknown signs of life are never considered normal, so many cases remain yellow until measured.",,
539,Screen phrase,Government of India service terms,ଭାରତ ସରକାରଙ୍କ ସେବା ସର୍ତ୍ତ,Government of India Conditions of Service,,
540,Screen phrase,Is there blood in the stool?,ଝାଡ଼ାରେ ରକ୍ତ ଅଛି କି?,Is there blood in the broom?,,
541,Screen phrase,Read by OCR and matched to the PMBJP generic list; not part of the record until a nurse or doctor confirms each one,OCR ଦ୍ୱାରା ପଢ଼ାଯାଇ PMBJP ଜେନେରିକ୍ ତାଲିକା ସହ ମିଳାଯାଇଛି; ନର୍ସ ବା ଡାକ୍ତର ପ୍ରତ୍ୟେକକୁ ନିଶ୍ଚିତ ନ କରିବା ଯାଏ ରେକର୍ଡର ଅଂଶ ନୁହେଁ,Read by OCR and matched with PMBJP generic list; not part of record unless confirmed by nurse or doctor each,,
542,Screen phrase,"No network, and this facility does not queue intakes on the device. Use the paper form and enter it when the connection is back.","ନେଟୱାର୍କ ନାହିଁ, ଏବଂ ଏହି କେନ୍ଦ୍ର ଡିଭାଇସରେ ଇନଟେକ୍ ଜମା କରେ ନାହିଁ। କାଗଜ ଫର୍ମ ବ୍ୟବହାର କରନ୍ତୁ ଓ ସଂଯୋଗ ଫେରିଲେ ଦାଖଲ କରନ୍ତୁ।","There is no network, and this center does not store intakes on the device. Use the paper form and submit when the connection is restored.",,
543,Screen phrase,The report marks this Low; the typical range used here may differ from the lab's,ରିପୋର୍ଟ ଏହାକୁ Low ଦର୍ଶାଏ; ଏଠାରେ ବ୍ୟବହୃତ ସାଧାରଣ ସୀମା ଲ୍ୟାବ୍‌ର ସୀମାଠାରୁ ଅଲଗା ହୋଇପାରେ,The report shows it to be low; the normal range used here may differ from the lab range.,,
544,Screen phrase,Machine-translated history — check against the patient's own words,ମେସିନ୍ ଦ୍ୱାରା ଅନୁବାଦିତ ଇତିହାସ — ରୋଗୀଙ୍କ ନିଜ କଥା ସହ ମିଳାନ୍ତୁ,Machine-Translated History - Match the patient's own words,,
545,Screen phrase,"Indirect bilirubin is {i} mg/dL, but total {t} − direct {d} = {e} — one of the three is misread","ଇନଡାଇରେକ୍ଟ ବିଲିରୁବିନ୍ {i} mg/dL, କିନ୍ତୁ ମୋଟ {t} − ଡାଇରେକ୍ଟ {d} = {e} — ତିନିଟିରୁ ଗୋଟିଏ ଭୁଲ ପଢ଼ାଯାଇଛି","Indirect bilirubin {i} mg / dL, but total {t} − direct {d} = {e} - one of three read errors",,
546,Screen phrase,"Non-HDL cholesterol is {n} mg/dL, but total {c} − HDL {h} = {e} — one of the three is misread","ନନ୍-HDL କୋଲେଷ୍ଟେରଲ୍ {n} mg/dL, କିନ୍ତୁ ମୋଟ {c} − HDL {h} = {e} — ତିନିଟିରୁ ଗୋଟିଏ ଭୁଲ ପଢ଼ାଯାଇଛି","Non-HDL cholesterol {n} mg / dL, but total {c} − HDL {h} = {e} - one out of three misreads",,
547,Screen phrase,"Odia FLEURS, same 25 clips, compared with IndicConformer (docs/EVALUATION.md).","ଓଡ଼ିଆ FLEURS, ସେହି 25ଟି କ୍ଲିପ୍, IndicConformer ସହ ତୁଳନା (docs/EVALUATION.md)।","Odia FLEURS, those 25 clips, compared to IndicConformer (docs / EVALUATION.md).",,
548,Screen phrase,A value read from a photo is never trusted over a value measured today.,ଫଟୋରୁ ପଢ଼ାଯାଇଥିବା ମୂଲ୍ୟ ଆଜି ମପାଯାଇଥିବା ମୂଲ୍ୟଠାରୁ ଅଧିକ କେବେ ଭରସା କରାଯାଏ ନାହିଁ।,The value read from the photo is never more reliable than the value measured today.,,
549,Screen phrase,It only reads out text the app already shows on screen.,ଏହା କେବଳ ସେହି ଲେଖା ପଢ଼େ ଯାହା ଆପ୍ ପୂର୍ବରୁ ସ୍କ୍ରିନରେ ଦେଖାଉଛି।,It only reads the text that the app is already showing on the screen.,,
550,Screen phrase,Odia FLEURS second hearing and handwriting sets (docs/EVALUATION.md).,ଓଡ଼ିଆ FLEURS ଦ୍ୱିତୀୟ ଥର ଶୁଣିବା ଓ ହାତଲେଖା ସେଟ୍ (docs/EVALUATION.md)।,Odia FLEURS Second Listening and Handwriting Set (docs / EVALUATION.md).,,
551,Screen phrase,"Used only when configured. When it is used, its name is shown on the translation.",କେବଳ ସେଟ୍ ହୋଇଥିଲେ ବ୍ୟବହାର। ବ୍ୟବହାର ହେଲେ ଅନୁବାଦରେ ଏହାର ନାମ ଦେଖାଯାଏ।,Use only if set. Its name appears in the translation when used.,,
552,Screen phrase,"Every engine Jeevia uses: what it does, where it runs, what leaves the device, how it was measured and what it is never allowed to decide. The urgency always comes from fixed rules, and a qualified health worker reviews every case.","Jeevia ବ୍ୟବହାର କରୁଥିବା ପ୍ରତ୍ୟେକ ଇଞ୍ଜିନ୍: କ'ଣ କରେ, କେଉଁଠି ଚାଲେ, ଡିଭାଇସରୁ କ'ଣ ବାହାରକୁ ଯାଏ, କିପରି ମପାଗଲା ଓ କ'ଣ କେବେ ସ୍ଥିର କରିପାରିବ ନାହିଁ। ଜରୁରୀତା ସବୁବେଳେ ସ୍ଥିର ନିୟମରୁ ଆସେ, ଓ ପ୍ରତ୍ୟେକ ମାମଲା ଯୋଗ୍ୟ ସ୍ୱାସ୍ଥ୍ୟକର୍ମୀ ଦେଖନ୍ତି।","Every engine that uses Jeevia: what does, where does, what goes out of the device, how it is measured, and what can never be determined. Urgency always comes from fixed rules, and every case is looked at by a qualified health worker.",,
553,Screen phrase,A second engine heard something different,ଦ୍ୱିତୀୟ ସିଷ୍ଟମ୍ କିଛି ଅଲଗା ଶୁଣିଲା,The second system heard something different.,,
554,Screen phrase,Shock index (pulse ÷ systolic BP) above 1,ଶକ୍ ଇଣ୍ଡେକ୍ସ (ନାଡ଼ି ÷ ସିଷ୍ଟୋଲିକ୍ BP) 1 ରୁ ଅଧିକ,Shock index (pulse ÷ systolic BP) greater than 1,,
555,Screen phrase,"Swelling or mass of mouth, throat or neck","ପାଟି, ଗଳା ବା ବେକରେ ଫୁଲା ବା ଗଣ୍ଠି","Swelling or lump in the mouth, throat, or neck",,
556,Screen phrase,High-risk vital sign — temperature < 36 °C or > 39 °C,ଉଚ୍ଚ-ବିପଦ ଜୀବନ ସଙ୍କେତ — ତାପମାତ୍ରା < 36 °C କିମ୍ବା > 39 °C,High-risk life sign - temperature < 36 ° C or > 39 ° C,,
557,Screen phrase,"Test name read as ""{h}"" — matched to {t} ({p} similar)","ପରୀକ୍ଷାର ନାମ ""{h}"" ପଢ଼ାଗଲା — {t} ସହ ମିଳାଗଲା ({p} ସମାନ)","Test name ""{h}"" read - matched with {t} ({p} equals)",,
558,Screen phrase,The printed range {r} does not look like a {t} range in {u} — the range or the unit may be misread; compared with a typical adult range instead,"ଛପା ସୀମା {r}, {u} ରେ {t} ର ସୀମା ଭଳି ଲାଗୁନାହିଁ — ସୀମା ବା ଏକକ ଭୁଲ ପଢ଼ାଯାଇଥାଇପାରେ; ଏହା ବଦଳରେ ସାଧାରଣ ବୟସ୍କ ସୀମା ସହ ତୁଳନା କରାଗଲା",The printed limit {r} does not look like the limit of {t} in {u} - the limit or unit may have been misread; it is instead compared to the normal adult limit.,,
559,Screen phrase,Report date {d} is in the future — check the date,ରିପୋର୍ଟର ତାରିଖ {d} ଭବିଷ୍ୟତର — ତାରିଖ ଯାଞ୍ଚ କରନ୍ତୁ,Check report date {d} future-date,,
560,Screen phrase,"Total cholesterol is {c} mg/dL, but HDL + LDL + VLDL = {e} — one of the four is misread","ମୋଟ କୋଲେଷ୍ଟେରଲ୍ {c} mg/dL, କିନ୍ତୁ HDL + LDL + VLDL = {e} — ଚାରିଟିରୁ ଗୋଟିଏ ଭୁଲ ପଢ଼ାଯାଇଛି","Total cholesterol {c} mg / dL, but HDL + LDL + VLDL = {e} - one out of four readings",,
561,Screen phrase,"{r} is {v}, but {a} ÷ {b} = {e} — one of the three is misread","{r} {v}, କିନ୍ତୁ {a} ÷ {b} = {e} — ତିନିଟିରୁ ଗୋଟିଏ ଭୁଲ ପଢ଼ାଯାଇଛି","{r} {v}, but {a} ÷ {b} = {e} - one of the three read errors",,
562,Screen phrase,Low — ask every follow-up question,କମ୍ — ପ୍ରତ୍ୟେକ ଫଲୋ-ଅପ୍ ପ୍ରଶ୍ନ ପଚାରନ୍ତୁ,Ask less-than-every follow-up question,,
563,Screen phrase,A translation is never the only record: the original words are always kept.,ଅନୁବାଦ କେବେ ଏକମାତ୍ର ରେକର୍ଡ ନୁହେଁ: ମୂଳ ଶବ୍ଦ ସବୁବେଳେ ରଖାଯାଏ।,Translation is never the only record: the original word is always kept.,,
564,Screen phrase,"Synthetic and public report images, held-out set (docs/EVALUATION.md).","କୃତ୍ରିମ ଓ ସାର୍ବଜନୀନ ରିପୋର୍ଟ ଚିତ୍ର, ଅଲଗା ରଖାଯାଇଥିବା ସେଟ୍ (docs/EVALUATION.md)।","Synthetic and public report images, set aside (docs / EVALUATION.md).",,
565,Screen phrase,QR code for the shared record,ସେୟାର୍ ହୋଇଥିବା ରେକର୍ଡର QR କୋଡ୍,The QR code of the shared record,,
566,Screen phrase,Are you allergic to any medicine?,ଆପଣଙ୍କୁ କୌଣସି ଔଷଧରେ ଆଲର୍ଜି ଅଛି କି?,Are you allergic to any of these medications?,,
567,Screen phrase,"On the phone: the patient answers on the keypad (1 yes, 2 no, 3 not sure). The last question is recorded.","ଫୋନରେ: ରୋଗୀ କୀପ୍ୟାଡରେ ଉତ୍ତର ଦିଅନ୍ତି (1 ହଁ, 2 ନା, 3 ଜାଣିନି)। ଶେଷ ପ୍ରଶ୍ନର ଉତ୍ତର ରେକର୍ଡ ହୁଏ।","On the phone: The patient answers on the keypad (1 Yes, 2 No, 3 Don't know). The answer to the last question is recorded.",,
568,Screen phrase,Shortness of breath — high-risk chief complaint (odds ratio 43.7 for death or ICU in 72 h),ନିଶ୍ୱାସ ଫୁଲିବା — ଉଚ୍ଚ-ବିପଦ ମୁଖ୍ୟ ଅଭିଯୋଗ (72 ଘଣ୍ଟାରେ ମୃତ୍ୟୁ ବା ICU ର ଅଡସ୍ ରେସିଓ 43.7),Shortness of breath - high-risk main complaint (death in 72 hours or odds ratio of ICU 43.7),,
569,Screen phrase,"BP ≥ 140/90 with headache, visual disturbance or upper abdominal pain (possible pre-eclampsia)","BP ≥ 140/90, ସହିତ ମୁଣ୍ଡବିନ୍ଧା, ଦୃଷ୍ଟିରେ ଅସୁବିଧା ବା ପେଟର ଉପର ଭାଗରେ ଯନ୍ତ୍ରଣା (ସମ୍ଭାବ୍ୟ ପ୍ରି-ଏକ୍ଲାମ୍ପସିଆ)","BP ≥ 140/90, with headache, vision difficulties, or upper abdominal pain (possible pre-eclampsia)",,
570,Screen phrase,"Name on report (""{n}"") does not match the patient record — confirm it is the right person's report","ରିପୋର୍ଟରେ ନାମ (""{n}"") ରୋଗୀ ରେକର୍ଡ ସହ ମେଳ ଖାଉନାହିଁ — ଏହା ଠିକ୍ ବ୍ୟକ୍ତିଙ୍କ ରିପୋର୍ଟ ବୋଲି ନିଶ୍ଚିତ କରନ୍ତୁ","The name in the report (""{n}"") does not match the patient record - make sure it is the correct person's report.",,
571,Screen phrase,"Sets the urgency (RED / YELLOW / GREEN) from fixed, cited clinical rules.","ସ୍ଥିର, ଉଦ୍ଧୃତ ଚିକିତ୍ସା ନିୟମରୁ ଜରୁରୀତା (ଲାଲ / ହଳଦିଆ / ସବୁଜ) ସ୍ଥିର କରେ।","Fixed, sets the urgency (red / yellow / green) from the cited treatment regimen.",,
572,Screen phrase,"The report marks other results High or Low but not this one, though {v} is outside {r} — the value or the range may be misread","ରିପୋର୍ଟ ଅନ୍ୟ ଫଳାଫଳକୁ High ବା Low ଦର୍ଶାଏ କିନ୍ତୁ ଏହାକୁ ନୁହେଁ, ଯଦିଓ {v}, {r} ବାହାରେ — ମୂଲ୍ୟ ବା ସୀମା ଭୁଲ ପଢ଼ାଯାଇଥାଇପାରେ","The report shows other results as high or low but not this, although outside {v}, {r} - the value or range may have been misread.",,
573,Screen phrase,Read by both offline and online engines,ଅଫଲାଇନ ଓ ଅନଲାଇନ ଦୁଇଟି ପଢ଼ିଲା,Read both offline and online.,,
574,Screen phrase,A second engine is still checking what it heard…,ଦ୍ୱିତୀୟ ସିଷ୍ଟମ୍ ଏବେ ବି ଯାଞ୍ଚ କରୁଛି ଏହା କଣ ଶୁଣିଲା…,The second system is still checking what it heard...,,
575,Screen phrase,I will call and read the script,ମୁଁ ଫୋନ୍ କରି ସ୍କ୍ରିପ୍ଟ ପଢ଼ିବି,I'll call and read the script.,,
576,Screen phrase,Recorded as an attempt. Try again later or visit.,ଚେଷ୍ଟା ଭାବେ ଲେଖାଗଲା। ପରେ ପୁଣି ଚେଷ୍ଟା କରନ୍ତୁ ବା ଘର ପରିଦର୍ଶନ କରନ୍ତୁ।,Written as an attempt. Try again later or visit the house.,,
577,Screen phrase,Reminder SMS sent to the demo phone {n},ରିମାଇଣ୍ଡର SMS ଡେମୋ ଫୋନ୍ {n}କୁ ପଠାଗଲା,Reminder SMS demo sent to phone {n},,
578,Screen phrase,"Acute chest or abdominal pain, age over 50",50 ବର୍ଷରୁ ଅଧିକ ବୟସରେ ହଠାତ୍ ଛାତି ବା ପେଟ ଯନ୍ତ୍ରଣା,Sudden chest or abdominal pain over the age of 50,,
579,Screen phrase,High-risk vital sign — respiratory rate < 10 or > 30,ଉଚ୍ଚ-ବିପଦ ଜୀବନ ସଙ୍କେତ — ନିଶ୍ୱାସ ହାର < 10 କିମ୍ବା > 30,High-risk life sign - respiratory rate < 10 or > 30,,
580,Screen phrase,High-risk respiratory rate for age 1–4 — ≥ 40 or < 20,1–4 ବର୍ଷ ବୟସ ପାଇଁ ଉଚ୍ଚ-ବିପଦ ନିଶ୍ୱାସ ହାର — ≥ 40 କିମ୍ବା < 20,High-risk respiratory rate for ages 1 - 4 years - ≥ 40 or < 20,,
581,Screen phrase,Fast breathing — 50 or more per minute at 2–12 months,ଦ୍ରୁତ ନିଶ୍ୱାସ — 2–12 ମାସ ବୟସରେ ପ୍ରତି ମିନିଟରେ 50 ବା ଅଧିକ,Rapid breathing - 50 or more per minute at 2-12 months of age,,
582,Screen phrase,Jeevia safety policy — unknown is never normal,Jeevia ସୁରକ୍ଷା ନୀତି — ଅଜଣା କେବେ ସାଧାରଣ ବୋଲି ଧରାଯାଏ ନାହିଁ,Jeevia Security Policy - Unknown is never assumed to be normal,,
583,Screen phrase,"The report marks this High, but {v} is below the printed range {r} — the value, the range or the mark is misread","ରିପୋର୍ଟ ଏହାକୁ High ଦର୍ଶାଏ, କିନ୍ତୁ {v} ଛପା ସୀମା {r} ରୁ ତଳେ — ମୂଲ୍ୟ, ସୀମା ବା ଚିହ୍ନ ଭୁଲ ପଢ଼ାଯାଇଛି","The report shows it as High, but {v} is below the printed range {r} - the value, range, or mark is misread.",,
584,Screen phrase,Enter the helper's name and relationship,ସହାୟକଙ୍କ ନାମ ଓ ସମ୍ପର୍କ ଲେଖନ୍ତୁ,Enter the helper's name and contact,,
585,Screen phrase,Confirm or re-record the voice note first,ପ୍ରଥମେ ସ୍ୱର ନୋଟ୍ ନିଶ୍ଚିତ କରନ୍ତୁ କିମ୍ବା ପୁଣି ରେକର୍ଡ କରନ୍ତୁ,Confirm or re-record the note first,,
586,Screen phrase,"Speech to text in 22 Indian languages, at the kiosk.",କିଓସ୍କରେ 22ଟି ଭାରତୀୟ ଭାଷାରେ କଥାରୁ ଲେଖା।,The kiosk has text in 22 Indian languages.,,
587,Screen phrase,Not scored; listened to by the team. About half a second of computing per second of speech on a laptop.,ସ୍କୋର୍ କରାଯାଇନାହିଁ; ଦଳ ଶୁଣି ଯାଞ୍ଚ କଲା। ଲ୍ୟାପଟପରେ ପ୍ରତି ସେକେଣ୍ଡ କଥା ପାଇଁ ପ୍ରାୟ ଅଧା ସେକେଣ୍ଡ ଗଣନା।,Not scored; the team listened and checked. About half a second counts for every second of speech on the laptop.,,
588,Screen phrase,Could you be pregnant — is your period late?,ଆପଣ ଗର୍ଭବତୀ ହୋଇଥାଇପାରନ୍ତି କି — ମାସିକ ଡେରି ହୋଇଛି କି?,Could you be pregnant or have a late menstrual period?,,
589,Screen phrase,The report marks this High; the typical range used here may differ from the lab's,ରିପୋର୍ଟ ଏହାକୁ High ଦର୍ଶାଏ; ଏଠାରେ ବ୍ୟବହୃତ ସାଧାରଣ ସୀମା ଲ୍ୟାବ୍‌ର ସୀମାଠାରୁ ଅଲଗା ହୋଇପାରେ,The report shows this as High; the normal range used here may differ from the lab range.,,
590,Screen phrase,"Type what the patient said, in any language","ରୋଗୀ ଯାହା କହିଲେ, ଯେକୌଣସି ଭାଷାରେ ଲେଖନ୍ତୁ","Write down what the patient said, in any language.",,
591,Screen phrase,High-risk vital sign — heart rate < 60 or > 130,ଉଚ୍ଚ-ବିପଦ ଜୀବନ ସଙ୍କେତ — ହୃଦସ୍ପନ୍ଦନ ହାର < 60 କିମ୍ବା > 130,High-risk life sign - heart rate < 60 or > 130,,
592,Screen phrase,High-risk heart rate for age 1–4 — ≥ 160 or < 80,1–4 ବର୍ଷ ବୟସ ପାଇଁ ଉଚ୍ଚ-ବିପଦ ହୃଦସ୍ପନ୍ଦନ ହାର — ≥ 160 କିମ୍ବା < 80,High-risk heart rate for ages 1 - 4 years - ≥ 160 or < 80,,
593,Screen phrase,High-risk heart rate for age 5–12 — ≥ 140 or < 70,5–12 ବର୍ଷ ବୟସ ପାଇଁ ଉଚ୍ଚ-ବିପଦ ହୃଦସ୍ପନ୍ଦନ ହାର — ≥ 140 କିମ୍ବା < 70,High-risk heart rate for 5-12 years - ≥ 140 or < 70,,
594,Screen phrase,Fast breathing — 40 or more per minute at 12 months to 5 years,ଦ୍ରୁତ ନିଶ୍ୱାସ — 12 ମାସରୁ 5 ବର୍ଷ ବୟସରେ ପ୍ରତି ମିନିଟରେ 40 ବା ଅଧିକ,Rapid breathing - 40 or more breaths per minute at 12 months to 5 years of age,,
595,Screen phrase,Coughing blood (screen for TB and other causes),କାଶରେ ରକ୍ତ (TB ଓ ଅନ୍ୟ କାରଣ ପାଇଁ ଯାଞ୍ଚ କରନ୍ତୁ),Coughing up blood (check for TB and other causes),,
596,Screen phrase,Hypertension in pregnancy — BP ≥ 140/90 mmHg (needs review within 24 h),ଗର୍ଭାବସ୍ଥାରେ ଉଚ୍ଚ ରକ୍ତଚାପ — BP ≥ 140/90 mmHg (24 ଘଣ୍ଟା ଭିତରେ ସମୀକ୍ଷା ଦରକାର),Hypertension during pregnancy - BP ≥ 140/90 mmHg (review required within 24 hours),,
597,Screen phrase,Translation may be wrong — check with the patient,ଅନୁବାଦ ଭୁଲ ହୋଇପାରେ — ରୋଗୀଙ୍କ ସହ ନିଶ୍ଚିତ କରନ୍ତୁ,Translation may be incorrect - make sure to check with the patient.,,
598,Screen phrase,"Urea is {u} mg/dL, but BUN {b} × 2.14 = {e} — one of the two is misread","ୟୁରିଆ {u} mg/dL, କିନ୍ତୁ BUN {b} × 2.14 = {e} — ଦୁଇଟିରୁ ଗୋଟିଏ ଭୁଲ ପଢ଼ାଯାଇଛି","Urea {u} mg / dL, but BUN {b} × 2.14 = {e} - one of the two read wrong",,
599,Screen phrase,Chest pain — high-risk chief complaint (odds ratio 1.78),ଛାତି ଯନ୍ତ୍ରଣା — ଉଚ୍ଚ-ବିପଦ ମୁଖ୍ୟ ଅଭିଯୋଗ (ଅଡସ୍ ରେସିଓ 1.78),Chest pain - high-risk main complaint (odds ratio 1.78),,
600,Screen phrase,"The A/G ratio is {r}, but albumin {a} ÷ globulin {g} = {e} — one of these is misread","A/G ଅନୁପାତ {r}, କିନ୍ତୁ ଆଲବୁମିନ୍ {a} ÷ ଗ୍ଲୋବୁଲିନ୍ {g} = {e} — ଏଥିରୁ ଗୋଟିଏ ଭୁଲ ପଢ଼ାଯାଇଛି","The A / G ratio is {r}, but albumin {a} ÷ globulin {g} = {e} - one of these readings is incorrect.",,
601,Screen phrase,A written reason of at least 15 characters is required to lower the urgency,ଜରୁରୀତା କମାଇବାକୁ ଅତି କମରେ 15 ଅକ୍ଷରର ଲିଖିତ କାରଣ ଆବଶ୍ୟକ,A written reason of at least 15 characters is required to reduce the urgency.,,
602,Screen phrase,BP systolic must be higher than diastolic — check the reading,BP ସିଷ୍ଟୋଲିକ୍ ଡାୟାଷ୍ଟୋଲିକ୍ ଠାରୁ ଅଧିକ ହେବା ଉଚିତ — ରିଡିଂ ଯାଞ୍ଚ କରନ୍ତୁ,BP systolic should be higher than diastolic - check the reading,,
603,Screen phrase,The second OCR engine could not read this row,ଦ୍ୱିତୀୟ OCR ଇଞ୍ଜିନ୍ ଏହି ଧାଡ଼ି ପଢ଼ିପାରିଲା ନାହିଁ,The second OCR engine could not read this line.,,
604,Screen phrase,"Globulin is {g} g/dL, but total protein {p} − albumin {a} = {e} — one of the three is misread","ଗ୍ଲୋବୁଲିନ୍ {g} g/dL, କିନ୍ତୁ ମୋଟ ପ୍ରୋଟିନ୍ {p} − ଆଲବୁମିନ୍ {a} = {e} — ତିନିଟିରୁ ଗୋଟିଏ ଭୁଲ ପଢ଼ାଯାଇଛି","Globulin {g} g / dL, but total protein {p} − albumin {a} = {e} - one of the three misreads",,
605,Screen phrase,"About the models: what each one does, and what it never decides","ମଡେଲ୍ ବିଷୟରେ: ପ୍ରତ୍ୟେକ କ'ଣ କରେ, ଓ କ'ଣ କେବେ ସ୍ଥିର କରେ ନାହିଁ","About the model: What each one does, and never decides",,
606,Screen phrase,Writes the readable summary paragraph and gives a second opinion on urgency.,ପଢ଼ିବା ଯୋଗ୍ୟ ସାରାଂଶ ଅନୁଚ୍ଛେଦ ଲେଖେ ଓ ଜରୁରୀତା ଉପରେ ଦ୍ୱିତୀୟ ମତ ଦିଏ।,Writes readable summary paragraphs and gives a second opinion on the urgency.,,
607,Screen phrase,Online translation when the offline translator cannot run on this server.,ଏହି ସର୍ଭରରେ ଅଫଲାଇନ୍ ଅନୁବାଦକ ଚାଲି ନପାରିଲେ ଅନଲାଇନ୍ ଅନୁବାଦ।,Online translation if the offline translator cannot run on this server.,,
608,Screen phrase,Same as the offline translator: the patient's own words are always kept.,ଅଫଲାଇନ୍ ଅନୁବାଦକ ପରି: ରୋଗୀଙ୍କ ନିଜ ଶବ୍ଦ ସବୁବେଳେ ରଖାଯାଏ।,Like an offline translator: the patient's own words are always kept.,,
609,Screen phrase,Weakness of one side of the body — high-risk chief complaint (odds ratio 3.16),ଶରୀରର ଗୋଟିଏ ପାର୍ଶ୍ୱରେ ଦୁର୍ବଳତା — ଉଚ୍ଚ-ବିପଦ ମୁଖ୍ୟ ଅଭିଯୋଗ (ଅଡସ୍ ରେସିଓ 3.16),Weakness on one side of the body - high-risk main complaint (Odds ratio 3.16),,
610,Screen phrase,Fill in,ପୂର୍ବରୁ ପୂରଣ କରନ୍ତୁ,Fill in the form beforehand,,
611,Screen phrase,Expected — filled in from home,ଅପେକ୍ଷିତ — ଘରୁ ପୂରଣ କରାଯାଇଛି,Expected - Filled from home,,
612,Screen phrase,From home,ଘରୁ,From home,,
613,Screen phrase,Expected,ଅପେକ୍ଷିତ,Expected,,
614,Screen phrase,"H- number, name or patient ID","H- ନମ୍ବର, ନାମ କିମ୍ବା ରୋଗୀ ଆଇଡି","H-Number, Name, or Patient ID",,
615,Screen phrase,sent {t},{t} ପଠାଯାଇଛି,{t} has been sent,,
616,Screen phrase,Contains,ଏଥିରେ ଅଛି,It contains,,
617,Screen phrase,Ask the patient which is right.,ରୋଗୀଙ୍କୁ ପଚାରନ୍ତୁ କେଉଁଟି ଠିକ୍।,Ask the patient which one is right.,,
618,Screen phrase,Pregnancy,ଗର୍ଭାବସ୍ଥା,Pregnancy,,
619,Screen phrase,Agent may call,ଏଜେଣ୍ଟ କଲ୍ କରିପାରେ,The agent may call.,,
620,Screen phrase,call,କଲ୍,Call,,
621,Screen phrase,Reminder call,ରିମାଇଣ୍ଡର କଲ୍,Reminder call,,
622,Screen phrase,Reminder call — {n},ରିମାଇଣ୍ଡର କଲ୍ — {n},Reminder call - {n},,
623,Screen phrase,Agent call,ଏଜେଣ୍ଟ କଲ୍,Agent Call,,
624,Screen phrase,Start the call,କଲ୍ ଆରମ୍ଭ କରନ୍ତୁ,Start the call,,
625,Screen phrase,The agent may call,ଏଜେଣ୍ଟ କଲ୍ କରିପାରେ,The agent may call.,,
626,Screen phrase,Language of the call,କଲ୍‌ର ଭାଷା,The language of the call,,
627,Screen phrase,Patient's language,ରୋଗୀଙ୍କ ଭାଷା,The language of the patient,,
628,Screen phrase,Start agent call,ଏଜେଣ୍ଟ କଲ୍ ଆରମ୍ଭ କରନ୍ତୁ,Start Agent Call,,
629,Screen phrase,heard,ଶୁଣାଗଲା,It's been heard,,
630,Screen phrase,yes,ହଁ,Yes,,
631,Screen phrase,no,ନା,No,,
632,Screen phrase,No answer,ଉତ୍ତର ନାହିଁ,No answer,,
633,Screen phrase,Call cut off,କଲ୍ କଟିଗଲା,The call was cut off.,,
634,Screen phrase,Not read: no English translation,ପଢ଼ାଗଲା ନାହିଁ: ଇଂରାଜୀ ଅନୁବାଦ ମିଳିଲା ନାହିଁ,Cannot read: English translation not found,,
635,Screen phrase,agent,ଏଜେଣ୍ଟ,Agent,,
636,Screen phrase,person,ବ୍ୟକ୍ତି,the person's,,
637,Screen phrase,Also said,ଏହା ମଧ୍ୟ କହିଲେ,He also said that,,
638,Screen phrase,What was done (required),କ'ଣ କରାଗଲା (ଆବଶ୍ୟକ),What was done (required),,
639,Screen phrase,Send,ପଠାନ୍ତୁ,Send,,
640,Screen phrase,Send SMS,SMS ପଠାନ୍ତୁ,Send SMS,,
641,Screen phrase,Ringing the demo phone {n}…,ଡେମୋ ଫୋନ୍ {n}ରେ ଘଣ୍ଟି ବାଜୁଛି…,The demo phone {n} is ringing...,,
642,Screen phrase,from home,ଘରୁ,From home,,
643,Screen phrase,+{n} more,+{n} ଅଧିକ,+ {n} more,,
644,Screen phrase,Why here:,ଏଠାରେ କାହିଁକି:,Here's why:,,
645,Screen phrase,Hide the values within range,ସୀମା ଭିତରେ ଥିବା ମାନ ଲୁଚାନ୍ତୁ,Hide values within the range,,
646,Screen phrase,Show {n} values within range,ସୀମା ଭିତରେ ଥିବା {n}ଟି ମାନ ଦେଖାନ୍ତୁ,Show the {n} values within the range,,
647,Screen phrase,{n} to check,{n}ଟି ଯାଞ୍ଚ କରିବାକୁ,To check {n},,
648,Screen phrase,Consent,ସମ୍ମତି,Consent,,
649,Screen phrase,Visit,ଭିଜିଟ୍,Visit,,
650,Screen phrase,Problem,ସମସ୍ୟା,Problem,,
651,Screen phrase,Since,କେବେଠାରୁ,Ever since,,
652,Screen phrase,Given by patient,ରୋଗୀ ଦେଇଛନ୍ତି,The patient has been given,,
653,Screen phrase,Given by {name} ({rel}),{name} ({rel}) ଦେଇଛନ୍ତି,{name} ({rel}) given,,
654,Screen phrase,{n} y,{n} ବର୍ଷ,{n} year,,
655,Screen phrase,new,ନୂଆ,New,,
656,Screen phrase,"Pulse < 50, or > 120 without fever","ନାଡ଼ି < 50, କିମ୍ବା ଜ୍ୱର ବିନା > 120","pulse < 50, or without fever > 120",,
657,Screen phrase,Systolic BP > 220 or diastolic BP > 110 mmHg,ସିଷ୍ଟୋଲିକ୍ BP > 220 କିମ୍ବା ଡାୟାଷ୍ଟୋଲିକ୍ BP > 110 mmHg,Systolic BP > 220 or diastolic BP > 110 mmHg,,
658,Screen phrase,Systolic BP < 90 or diastolic BP < 60 mmHg,ସିଷ୍ଟୋଲିକ୍ BP < 90 କିମ୍ବା ଡାୟାଷ୍ଟୋଲିକ୍ BP < 60 mmHg,Systolic BP < 90 or diastolic BP < 60 mmHg,,
659,Screen phrase,Allergic reaction,ଆଲର୍ଜି ପ୍ରତିକ୍ରିୟା,Allergic reaction,,
660,Screen phrase,Sudden-onset abdominal pain,ହଠାତ୍ ଆରମ୍ଭ ହୋଇଥିବା ପେଟ ଯନ୍ତ୍ରଣା,Sudden onset of abdominal pain,,
661,Screen phrase,Sudden headache,ହଠାତ୍ ମୁଣ୍ଡବିନ୍ଧା,Sudden headache,,
662,Screen phrase,Fever with temperature above 39 °C (102.2 °F),39 °C (102.2 °F) ରୁ ଅଧିକ ତାପମାତ୍ରା ସହ ଜ୍ୱର,Fever with a temperature above 39 ° C (102.2 ° F),,
663,Screen phrase,Abdominal pain with vaginal bleeding,ଯୋନିରୁ ରକ୍ତସ୍ରାବ ସହ ପେଟ ଯନ୍ତ୍ରଣା,Abdominal pain with vaginal bleeding,,
664,Screen phrase,Agitated or violent patient,ଉତ୍ତେଜିତ ବା ହିଂସ୍ର ରୋଗୀ,agitated or violent patient,,
665,Screen phrase,Unresponsive,ପ୍ରତିକ୍ରିୟାହୀନ,unresponsive,,
666,Screen phrase,Capillary refill > 3 seconds,କ୍ୟାପିଲାରୀ ରିଫିଲ୍ > 3 ସେକେଣ୍ଡ,Capillary refill > 3 seconds,,
667,Screen phrase,Weak and fast pulse,ଦୁର୍ବଳ ଓ ଦ୍ରୁତ ନାଡ଼ି,Weak and fast pulse,,
668,Screen phrase,Heart rate < 50 or > 150,ହୃଦସ୍ପନ୍ଦନ ହାର < 50 କିମ୍ବା > 150,Heart rate < 50 or > 150,,
669,Screen phrase,Violent or aggressive,ହିଂସ୍ର ବା ଆକ୍ରମଣାତ୍ମକ,Violent or Aggressive,,
670,Screen phrase,Severe pain,ତୀବ୍ର ଯନ୍ତ୍ରଣା,Severe pain,,
671,Screen phrase,Sexual assault,ଯୌନ ଆକ୍ରମଣ,Sexual assault,,
672,Screen phrase,Dehydration,ଶରୀରରେ ପାଣି ଅଭାବ (ଡିହାଇଡ୍ରେସନ୍),Lack of water in the body (dehydration),,
673,Screen phrase,High-risk respiratory rate for age under 1 — ≥ 50 or < 25,1 ବର୍ଷରୁ କମ୍ ବୟସ ପାଇଁ ଉଚ୍ଚ-ବିପଦ ନିଶ୍ୱାସ ହାର — ≥ 50 କିମ୍ବା < 25,High-risk respiratory rate for under 1 year of age - ≥ 50 or < 25,,
674,Screen phrase,High-risk respiratory rate for age 5–12 — ≥ 30 or < 10,5–12 ବର୍ଷ ବୟସ ପାଇଁ ଉଚ୍ଚ-ବିପଦ ନିଶ୍ୱାସ ହାର — ≥ 30 କିମ୍ବା < 10,High-risk respiratory rate for 5-12 years of age - ≥ 30 or < 10,,
675,Screen phrase,High-risk heart rate for age under 1 — ≥ 180 or < 90,1 ବର୍ଷରୁ କମ୍ ବୟସ ପାଇଁ ଉଚ୍ଚ-ବିପଦ ହୃଦସ୍ପନ୍ଦନ ହାର — ≥ 180 କିମ୍ବା < 90,High-risk heart rate for under 1 year of age - ≥ 180 or < 90,,
676,Screen phrase,Severe hypertension in pregnancy — SBP ≥ 160 or DBP ≥ 110 mmHg,ଗର୍ଭାବସ୍ଥାରେ ଗମ୍ଭୀର ଉଚ୍ଚ ରକ୍ତଚାପ — SBP ≥ 160 କିମ୍ବା DBP ≥ 110 mmHg,Severe hypertension during pregnancy - SBP ≥ 160 or DBP ≥ 110 mmHg,,
677,Screen phrase,Vaginal bleeding in pregnancy,ଗର୍ଭାବସ୍ଥାରେ ଯୋନିରୁ ରକ୍ତସ୍ରାବ,Vaginal bleeding during pregnancy,,
678,Screen phrase,Severe headache with blurred vision,ଝାପସା ଦୃଷ୍ଟି ସହ ତୀବ୍ର ମୁଣ୍ଡବିନ୍ଧା,Severe headache with blurred vision,,
679,Screen phrase,Severe abdominal pain in pregnancy,ଗର୍ଭାବସ୍ଥାରେ ତୀବ୍ର ପେଟ ଯନ୍ତ୍ରଣା,Severe abdominal pain during pregnancy,,
680,Screen phrase,Active labour,ସକ୍ରିୟ ପ୍ରସବ ବେଦନା,Active labour pain,,
681,Screen phrase,New swelling of face or hands,ମୁହଁ ବା ହାତରେ ନୂଆ ଫୁଲା,New swelling of the face or hands,,
682,Screen phrase,matched on intake data,ଇନଟେକ୍ ତଥ୍ୟରେ ମେଳ ଖାଇଲା,Matched the intake data,,
683,Screen phrase,systolic BP,ସିଷ୍ଟୋଲିକ୍ BP,Systolic BP,,
684,Screen phrase,Systolic BP,ସିଷ୍ଟୋଲିକ୍ BP,Systolic BP,,
685,Screen phrase,diastolic BP,ଡାୟାଷ୍ଟୋଲିକ୍ BP,Diastolic BP,,
686,Screen phrase,Diastolic BP,ଡାୟାଷ୍ଟୋଲିକ୍ BP,Diastolic BP,,
687,Screen phrase,pulse,ନାଡ଼ି,pulse,,
688,Screen phrase,temperature,ତାପମାତ୍ରା,Temperature,,
689,Screen phrase,shock index (pulse ÷ systolic BP),ଶକ୍ ଇଣ୍ଡେକ୍ସ (ନାଡ଼ି ÷ ସିଷ୍ଟୋଲିକ୍ BP),Shock index (pulse ÷ systolic BP),,
690,Screen phrase,Shock index (pulse ÷ systolic BP),ଶକ୍ ଇଣ୍ଡେକ୍ସ (ନାଡ଼ି ÷ ସିଷ୍ଟୋଲିକ୍ BP),Shock index (pulse ÷ systolic BP),,
691,Screen phrase,AVPU level of consciousness,AVPU ଚେତନା ସ୍ତର,AVPU level of consciousness,,
692,Screen phrase,matched on intake data — {src},ଇନଟେକ୍ ତଥ୍ୟରେ ମେଳ ଖାଇଲା — {src},Matched the intake data - {src},,
693,Screen phrase,Ask / measure: {n} (a RED rule depends on it),ପଚାରନ୍ତୁ / ମାପନ୍ତୁ: {n} (ଗୋଟିଏ RED ନିୟମ ଏହା ଉପରେ ନିର୍ଭର କରେ),Ask / Measure: {n} (a RED rule depends on this),,
694,Screen phrase,"""{f}"": {w}","""{f}"": {w}","""{f}"": {w}",,
695,Screen phrase,Document check on {e},{e} ରେ ଦସ୍ତାବିଜ ଯାଞ୍ଚ,Document check in {e},,
696,Screen phrase,No report date found — confirm when the test was done,ରିପୋର୍ଟର କୌଣସି ତାରିଖ ମିଳିଲା ନାହିଁ — ପରୀକ୍ଷା କେବେ ହୋଇଥିଲା ନିଶ୍ଚିତ କରନ୍ତୁ,No report date found - confirm when the test was done,,
697,Screen phrase,Reason (optional),କାରଣ (ଇଚ୍ଛାଧୀନ),Reason (optional),,
698,Screen phrase,any reviewer,ଯେକୌଣସି ସମୀକ୍ଷକ,Any reviewer,,
699,Screen phrase,"doctor, with a reason","ଡାକ୍ତର, କାରଣ ସହ","The doctor, with reason.",,
700,Screen phrase,AI summary not available — template summary shown,AI ସାରାଂଶ ଉପଲବ୍ଧ ନାହିଁ — ଟେମ୍ପଲେଟ୍ ସାରାଂଶ ଦେଖାଯାଇଛି,AI summary not available - Template summary shown,,
701,Screen phrase,Not measured,ମପାଯାଇନାହିଁ,Not measured,,
702,Screen phrase,{f}: should be {a}–{b} {u},{f}: {a}–{b} {u} ମଧ୍ୟରେ ହେବା ଉଚିତ,{f}: should be between {a} - {b} {u},,
703,Screen phrase,Confirm by {when},{when} ସୁଦ୍ଧା ନିଶ୍ଚିତ କରନ୍ତୁ,Confirm by {when},,
704,Screen phrase,"e.g. Dr Rao, casualty, District Hospital (phone)","ଯେପରି ଡା. ରାଓ, କାଜୁଆଲଟି, ଜିଲ୍ଲା ହସପିଟାଲ (ଫୋନ୍)","Like Dr. Rao, Casualty, District Hospital (Phone)",,
705,Screen phrase,"e.g. Dr Rao, casualty","ଯେପରି ଡା. ରାଓ, କାଜୁଆଲଟି","Like Dr. Rao, Casualty",,
706,Screen phrase,Next,ପରବର୍ତ୍ତୀ,Next,,
707,Screen phrase,Referred to,ରେଫର କରାଯାଇଛି,Referred to,,
708,Screen phrase,Next visit,ପରବର୍ତ୍ତୀ ପରିଦର୍ଶନ,the next visit.,,
709,Screen phrase,Advice,ପରାମର୍ଶ,Advice,,
710,Screen phrase,Printed in English and machine-translated into the patient's language.,ଇଂରାଜୀରେ ଛପାଯିବ ଓ ମେସିନ୍ ଦ୍ୱାରା ରୋଗୀଙ୍କ ଭାଷାକୁ ଅନୁବାଦ ହେବ।,It will be printed in English and machine-translated into the patient's language.,,
711,Screen phrase,On this server,ଏହି ସର୍ଭରରେ,on this server.,,
712,Screen phrase,What is sent,କ'ଣ ପଠାଯାଏ,What's being sent,,
713,Screen phrase,Measured,ମପାଯାଇଛି,Measured,,
714,Screen phrase,"Our own code, MIT","ଆମର ନିଜ କୋଡ୍, MIT","Our own code, MIT",,
715,Screen phrase,"Translates the patient's words into English for the doctor, and English advice into the patient's language.","ରୋଗୀଙ୍କ ଶବ୍ଦକୁ ଡାକ୍ତରଙ୍କ ପାଇଁ ଇଂରାଜୀରେ, ଓ ଇଂରାଜୀ ପରାମର୍ଶକୁ ରୋଗୀଙ୍କ ଭାଷାରେ ଅନୁବାଦ କରେ।","Translates the patient's words into English for the doctor, and the English advice into the patient's language.",,
716,Screen phrase,QR code with your patient ID,ଆପଣଙ୍କ ରୋଗୀ ID ଥିବା QR କୋଡ୍,A QR code with your patient ID.,,
717,Screen phrase,Yes — pregnant,ହଁ — ଗର୍ଭବତୀ,"Yes, she is pregnant",,
718,Screen phrase,Has the cough lasted 2 weeks or more?,କାଶ 2 ସପ୍ତାହ କିମ୍ବା ଅଧିକ ଦିନ ହେଲା ଅଛି କି?,Has the cough lasted 2 weeks or more?,,
719,Screen phrase,Yes — 2 weeks or more,ହଁ — 2 ସପ୍ତାହ କିମ୍ବା ଅଧିକ,Yes - 2 weeks or more.,,
720,Screen phrase,None of these,ଏଥିରୁ କିଛି ନୁହେଁ,None of these,,
721,Screen phrase,Weight loss,ଓଜନ କମିବା,Weight loss,,
722,Screen phrase,Sweating at night,ରାତିରେ ଝାଳ,Sweating at night,,
723,Screen phrase,Yes — a few times,ହଁ — କିଛି ଥର,"Yes, a few times.",,
724,Screen phrase,Diabetes (sugar),ମଧୁମେହ (ସୁଗାର),Diabetes (sugar),,
725,Screen phrase,High blood pressure,ଉଚ୍ଚ ରକ୍ତଚାପ,High blood pressure,,
726,Screen phrase,Heart disease,ହୃଦ୍‌ରୋଗ,Heart disease,,
727,Screen phrase,TB now or before,ଯକ୍ଷ୍ମା ଏବେ କିମ୍ବା ପୂର୍ବରୁ,Tuberculosis now or before,,
