#,Section,English / meaning,Hindi,Machine read-back (phrases),Hindi OK? (Y/N),Correction
1,Number word,1,एक,,,
2,Number word,2,दो,,,
3,Number word,3,तीन,,,
4,Number word,4,चार,,,
5,Number word,5,पांच,,,
6,Number word,6,छह,,,
7,Number word,7,सात,,,
8,Number word,8,आठ,,,
9,Number word,9,नौ,,,
10,Number word,10,दस,,,
11,Number word,11,ग्यारह,,,
12,Number word,12,बारह,,,
13,Number word,13,तेरह,,,
14,Number word,14,चौदह,,,
15,Number word,15,पंद्रह,,,
16,Number word,16,सोलह,,,
17,Number word,17,सत्रह,,,
18,Number word,18,अठारह,,,
19,Number word,19,उन्नीस,,,
20,Number word,20,बीस,,,
21,Number word,21,इक्कीस,,,
22,Number word,22,बाईस,,,
23,Number word,23,तेईस,,,
24,Number word,24,चौबीस,,,
25,Number word,25,पच्चीस,,,
26,Number word,26,छब्बीस,,,
27,Number word,27,सत्ताईस,,,
28,Number word,28,अट्ठाईस,,,
29,Number word,29,उनतीस,,,
30,Number word,30,तीस,,,
31,Number word,31,इकतीस,,,
32,Number word,32,बत्तीस,,,
33,Number word,33,तैंतीस,,,
34,Number word,34,चौंतीस,,,
35,Number word,35,पैंतीस,,,
36,Number word,36,छत्तीस,,,
37,Number word,37,सैंतीस,,,
38,Number word,38,अड़तीस,,,
39,Number word,39,उनतालीस,,,
40,Number word,40,चालीस,,,
41,Number word,41,इकतालीस,,,
42,Number word,42,बयालीस,,,
43,Number word,43,तैंतालीस,,,
44,Number word,44,चवालीस,,,
45,Number word,45,पैंतालीस,,,
46,Number word,46,छियालीस,,,
47,Number word,47,सैंतालीस,,,
48,Number word,48,अड़तालीस,,,
49,Number word,49,उनचास,,,
50,Number word,50,पचास,,,
51,Number word,51,इक्यावन,,,
52,Number word,52,बावन,,,
53,Number word,53,तिरपन,,,
54,Number word,54,चौवन,,,
55,Number word,55,पचपन,,,
56,Number word,56,छप्पन,,,
57,Number word,57,सत्तावन,,,
58,Number word,58,अट्ठावन,,,
59,Number word,59,उनसठ,,,
60,Number word,60,साठ,,,
61,Number word,61,इकसठ,,,
62,Number word,62,बासठ,,,
63,Number word,63,तिरसठ,,,
64,Number word,64,चौंसठ,,,
65,Number word,65,पैंसठ,,,
66,Number word,66,छियासठ,,,
67,Number word,67,सड़सठ,,,
68,Number word,68,अड़सठ,,,
69,Number word,69,उनहत्तर,,,
70,Number word,70,सत्तर,,,
71,Number word,71,इकहत्तर,,,
72,Number word,72,बहत्तर,,,
73,Number word,73,तिहत्तर,,,
74,Number word,74,चौहत्तर,,,
75,Number word,75,पचहत्तर,,,
76,Number word,76,छिहत्तर,,,
77,Number word,77,सतहत्तर,,,
78,Number word,78,अठहत्तर,,,
79,Number word,79,उन्यासी,,,
80,Number word,80,अस्सी,,,
81,Number word,81,इक्यासी,,,
82,Number word,82,बयासी,,,
83,Number word,83,तिरासी,,,
84,Number word,84,चौरासी,,,
85,Number word,85,पचासी,,,
86,Number word,86,छियासी,,,
87,Number word,87,सत्तासी,,,
88,Number word,88,अट्ठासी,,,
89,Number word,89,नवासी,,,
90,Number word,90,नब्बे,,,
91,Number word,91,इक्यानवे,,,
92,Number word,92,बानवे,,,
93,Number word,93,तिरानवे,,,
94,Number word,94,चौरानवे,,,
95,Number word,95,पचानवे,,,
96,Number word,96,छियानवे,,,
97,Number word,97,सत्तानवे,,,
98,Number word,98,अट्ठानवे,,,
99,Number word,99,निन्यानवे,,,
100,Number word,100,सौ,,,
101,Symptom words,chest_pain,सीने … दर्द | छाती … दर्द | सीने … भारीपन | सीने … जकड़न | सीने … दबाव | सीने … दिक्कत | सीने … तकलीफ | छाती … दिक्कत,,,
102,Symptom words,chest_pain_radiating,बांह तक | बाँह तक | जबड़े तक | हाथ तक जा,,,
103,Symptom words,sweating,पसीना | पसीने,,,
104,Symptom words,breathless,सांस लेने में | सांस फूल | दम फूल | सांस … तकलीफ | सांस … दिक्कत | सांस … परेशानी | सांस नहीं ले पा,,,
105,Symptom words,cough,खांसी | ^खासी,,,
106,Symptom words,haemoptysis,खांसी में खून | बलगम में खून,,,
107,Symptom words,wheeze,सीटी जैसी आवाज,,,
108,Symptom words,respiratory_distress,हांफ,,,
109,Symptom words,chest_indrawing,पसली चल,,,
110,Symptom words,cyanosis,होंठ नीले | नीले होंठ,,,
111,Symptom words,angioedema_face,होंठ सूज | चेहरा सूज | जीभ सूज,,,
112,Symptom words,swelling_mouth_neck,गले में सूजन | गर्दन में गांठ,,,
113,Symptom words,cold_extremities,हाथ पैर ठंडे,,,
114,Symptom words,severe_pallor,बहुत पीला,,,
115,Symptom words,bleeding,खून आ | खून बह | खून निकल | रक्तस्राव,,,
116,Symptom words,bleeding_heavy,बहुत खून | खून नहीं रुक,,,
117,Symptom words,epistaxis,नाक से खून | नकसीर,,,
118,Symptom words,gum_bleed,मसूड़ों से खून | मसूड़े से खून,,,
119,Symptom words,haematemesis,खून की उल्टी | उल्टी में खून,,,
120,Symptom words,blood_in_stool,मल में खून | पॉटी में खून | काला मल,,,
121,Symptom words,syncope,बेहोश हो गया | बेहोश हो गई | चक्कर खाकर गिर,,,
122,Symptom words,unresponsive,बेहोश है | होश नहीं,,,
123,Symptom words,altered_mental_status,होश में नहीं | उल्टा सीधा बोल | भ्रम,,,
124,Symptom words,lethargy,सुस्त | बहुत नींद,,,
125,Symptom words,irritable,बेचैन | लगातार रो,,,
126,Symptom words,seizure,दौरा पड़ | दौरे | मिर्गी | झटके,,,
127,Symptom words,one_sided_weakness,लकवा | एक तरफ कमजोरी | मुंह टेढ़ा | जुबान लड़खड़ | बोली लड़खड़ | बोलने में लड़खड़ | आवाज लड़खड़,,,
128,Symptom words,limb_weakness,हाथ में कमजोरी | पैर में कमजोरी | हाथ नहीं उठ | हाथ … कमजोर | पैर … कमजोर,,,
129,Symptom words,weakness_general,बहुत कमजोरी | चल नहीं पा,,,
130,Symptom words,headache,सिरदर्द | सरदर्द | सिर … दर्द | ^सर$ … दर्द,,,
131,Symptom words,headache_sudden,अचानक तेज सिरदर्द | अचानक सिर दर्द | अचानक … सिर | सबसे तेज़ सिर | सबसे तेज सिर | सबसे बुरा सिर,,,
132,Symptom words,visual_disturbance,धुंधला | आंखों के आगे अंधेरा | दिखाई नहीं,,,
133,Symptom words,stiff_neck,गर्दन अकड़ | गर्दन में जकड़न,,,
134,Symptom words,agitated,हिंसक | आक्रामक,,,
135,Symptom words,fever,बुखार | ज्वर | ^ताप$,,,
136,Symptom words,abdominal_pain,पेट … दर्द,,,
137,Symptom words,abdominal_pain_sudden,अचानक पेट में दर्द | अचानक पेट दर्द,,,
138,Symptom words,upper_abdominal_pain,पेट के ऊपर दर्द | ऊपरी पेट,,,
139,Symptom words,vomiting,उल्टी | उलटी,,,
140,Symptom words,vomits_everything,सब उल्टी | कुछ नहीं पचता | पानी भी नहीं टिक | कुछ नहीं टिक,,,
141,Symptom words,diarrhoea,^दस्त$ | ^दस्तों$ | लूज मोशन | पतली टट्टी,,,
142,Symptom words,unable_to_drink,दूध नहीं पी | पानी नहीं पी,,,
143,Symptom words,drinks_poorly,कम पी,,,
144,Symptom words,sunken_eyes,धंसी आंखें | आंखें धंस,,,
145,Symptom words,dehydration,पानी की कमी | मुंह सूख,,,
146,Symptom words,urinary_retention,पेशाब नहीं हो | पेशाब रुक,,,
147,Symptom words,scrotal_pain,अंडकोष में दर्द,,,
148,Symptom words,rash,दाने | चकत्ते,,,
149,Symptom words,rash_spreading,दाने फैल | त्वचा उतर,,,
150,Symptom words,malnutrition,बहुत दुबला | कुपोषण,,,
151,Symptom words,weight_loss,वजन कम | वज़न कम | वजन घट | वज़न घट | दुबला हो | दुबली हो,,,
152,Symptom words,night_sweats,रात … पसीना | रात … पसीने,,,
153,Symptom words,fatigue,थकान | थकावट | थका हुआ | थकी हुई | थक जा,,,
154,Symptom words,pain,दर्द,,,
155,Symptom words,injury,चोट | घाव | दुर्घटना | कट गया | कट गई | कट गयी | छोटा कट,,,
156,Symptom words,burn,जल गया | जल गई | जल गए | जल गयी | झुलस | जलना,,,
157,Symptom words,burn_major,दोनों हाथ … जल ग | दोनों पैर … जल ग | चेहरा … जल ग | चेहरे … जल ग | गर्दन … जल ग | पूरा शरीर … जल ग | पूरे शरीर … जल ग | दोनों हाथ … झुलस | चेहरा … झुलस,,,
158,Symptom words,anticoagulated,खून पतला करने की दवा | खून पतला करने वाली दवा | हीमोफीलिया,,,
159,Symptom words,asthma,दमा | अस्थमा,,,
160,Symptom words,jaundice,पीलिया | आंखें पीली | आँखें पीली | आंखों में पीला,,,
161,Symptom words,haematuria,पेशाब में खून | पेशाब … खून | पेशाब लाल,,,
162,Symptom words,head_injury,सिर में चोट,,,
163,Symptom words,fall_from_height,पेड़ से गिर | छत से गिर | ऊंचाई से गिर,,,
164,Symptom words,road_traffic_high_risk,गाड़ी ने टक्कर | ट्रक ने टक्कर,,,
165,Symptom words,penetrating_injury,चाकू | गोली लगी,,,
166,Symptom words,crush_injury,दब गया | कुचल,,,
167,Symptom words,limb_deformity,हड्डी टूट | फ्रैक्चर,,,
168,Symptom words,drowning_hanging_electrocution,डूब | फांसी | करंट लग | बिजली गिर,,,
169,Symptom words,snake_bite,सांप ने काट | साँप ने काट | सर्पदंश | सांप काट,,,
170,Symptom words,animal_bite,कुत्ते ने काट | बंदर ने काट,,,
171,Symptom words,poisoning,जहर | ज़हर | कीटनाशक | मिट्टी का तेल पी,,,
172,Symptom words,needle_stick,सुई चुभ,,,
173,Symptom words,allergic_reaction,एलर्जी,,,
174,Symptom words,sexual_assault,बलात्कार | यौन उत्पीड़न,,,
175,Symptom words,pregnant,गर्भवती | गर्भ से,,,
176,Symptom words,vaginal_bleeding,योनि से खून | नीचे से खून,,,
177,Symptom words,reduced_fetal_movement,बच्चा कम हिल | बच्चा नहीं हिल,,,
178,Symptom words,fluid_leaking,पानी निकल | पानी गिर,,,
179,Symptom words,labour_pains,प्रसव पीड़ा | दर्द शुरू,,,
180,Symptom words,swelling_face_hands,चेहरे पर सूजन | हाथों में सूजन,,,
181,Symptom words,known_time_sensitive_dx,दिल का दौरा,,,
182,Symptom words,chills,कंपकंपी | ठंड लग,,,
183,Symptom words,dysuria,पेशाब में जलन,,,
184,Symptom words,pregnancy_possible,माहवारी नहीं,,,
185,Symptom words,diabetes_known,शुगर की बीमारी,,,
186,Symptom words,chemo_recent,कीमो,,,
187,Screen phrase (check first),before you come,आने से पहले,Prior to the arrival of,,
188,Screen phrase (check first),Checked in,चेक-इन हो गया,Check-in has been done,,
189,Screen phrase (check first),No match,कोई मेल नहीं,No mail,,
190,Screen phrase (check first),For filling in from home,घर से भरने के लिए,in order to fill the house,,
191,Screen phrase (check first),Long-term conditions,लंबी बीमारियाँ,Chronic diseases,,
192,Screen phrase (check first),Reached,संपर्क हुआ,Contact made,,
193,Screen phrase (check first),Voice on,आवाज़ चालू,turn on the volume,,
194,Screen phrase (check first),heard,सुना,Listen,,
195,Screen phrase (check first),Earlier calls,पिछली कॉल,Previous call,,
196,Screen phrase (check first),Noted,दर्ज,Register,,
197,Screen phrase (check first),Hang up,कॉल काटें,Cut the call,,
198,Screen phrase (check first),+{n} more,+{n} और,+ {n} and,,
199,Screen phrase (check first),{n} flags,{n} चेतावनियाँ,{n} Warnings,,
200,Screen phrase (check first),Borderline,सीमा के पास,near the border.,,
201,Screen phrase (check first),Visit,मुलाक़ात,meeting,,
202,Screen phrase (check first),Problem,तकलीफ़,trouble,,
203,Screen phrase (check first),Also,और भी,And more,,
204,Screen phrase (check first),Answers,जवाब,Answer,,
205,Screen phrase (check first),SpO₂ below 90%,SpO₂ 90% से कम,SpO2 less than 90%,,
206,Screen phrase (check first),Acute urinary retention,अचानक पेशाब रुक जाना,Sudden stoppage of urination,,
207,Screen phrase (check first),Unresponsive,कोई प्रतिक्रिया नहीं,No response,,
208,Screen phrase (check first),Stridor,स्ट्राइडर (साँस में सीटी जैसी आवाज़),Strider (whistling sound in breath),,
209,Screen phrase (check first),Active convulsions,चल रहे दौरे / झटके,Ongoing tours / shocks,,
210,Screen phrase (check first),Threatened limb,अंग ख़तरे में,organs in danger.,,
211,Screen phrase (check first),Wheezing,घरघराहट,Household,,
212,Screen phrase (check first),Unable to pass urine,पेशाब न कर पाना,Not being able to urinate,,
213,Screen phrase (check first),Overrides,बदलाव,Change,,
214,Screen phrase (check first),Lowered,घटाया गया,Reduced,,
215,Screen phrase (check first),Rule,नियम,Rules,,
216,Screen phrase (check first),Fired,लागू हुआ,has been implemented,,
217,Screen phrase (check first),Guardian,अभिभावक,Parents,,
218,Screen phrase (check first),Which long-term illness?,कौन-सी लंबी बीमारी?,What is a chronic disease?,,
219,Screen phrase (check first),Overdue,समय-सीमा पार,Over the time-limit,,
220,Screen phrase (check first),Close referral,रेफ़रल बंद करें,Turn off referrals,,
221,Screen phrase (check first),Confirmed by,पुष्टि करने वाले,the Confirmers,,
222,Screen phrase (check first),Visit days,जाँच के दिन,On the day of the test,,
223,Screen phrase (check first),Patient load,मरीज़ों का भार,The weight of the patients,,
224,Screen phrase (check first),Mon,सोम,Som,,
225,Screen phrase (check first),Tue,मंगल,Mars,,
226,Screen phrase (check first),Wed,बुध,Mercury,,
227,Screen phrase (check first),Thu,गुरु,Guru,,
228,Screen phrase (check first),Fri,शुक्र,Thank you,,
229,Screen phrase (check first),Sat,शनि,Saturn,,
230,Screen phrase (check first),Sun,रवि,Ravi,,
231,Screen phrase (check first),Job,काम,Work,,
232,Screen phrase (check first),Licence,लाइसेंस,License,,
233,Screen phrase (check first),No known allergy,कोई एलर्जी नहीं,No allergies,,
234,Screen phrase (check first),None,कोई नहीं,No one,,
235,Screen phrase (check first),"Acute limb ischaemia — limb pulseless, or painful and pale/cold","अचानक अंग में रक्त प्रवाह रुकना — अंग में नाड़ी नहीं, या दर्द के साथ फीका/ठंडा","Sudden stoppage of blood flow to the limb - no pulse in the limb, or fading / chills with pain",,
236,Screen phrase (check first),"Exposure requiring time-sensitive prophylaxis (animal bite, needlestick)","ऐसा संपर्क जिसमें समय पर बचाव का इलाज (टीका या दवा) ज़रूरी है (जानवर का काटना, सुई चुभना)","Contact that requires timely preventive treatment (vaccine or medication) (animal bites, needle pricking)",,
237,Screen phrase (check first),Exposure requiring time-sensitive prophylaxis (animal bite),ऐसा संपर्क जिसमें समय पर बचाव का इलाज (टीका या दवा) ज़रूरी है (जानवर का काटना),Contact that requires timely preventive treatment (vaccine or medication) (animal bites),,
238,Screen phrase (check first),Temperature looks like °C — enter it in °F (for example 98.6),तापमान °C में लगता है — इसे °F में लिखें (जैसे 98.6),Temperature appears in ° C - write it in ° F (e.g. 98. 6),,
239,Screen phrase (check first),Acute scrotal or inguinal pain in a male,पुरुष में अचानक अंडकोश या जाँघ के जोड़ में दर्द,Sudden pain in the scrotum or thigh joint in men,,
240,Screen phrase (check first),Respiratory distress or central cyanosis,साँस लेने में गंभीर तकलीफ़ या केंद्रीय सायनोसिस (होंठ/जीभ नीले),Severe shortness of breath or central sinusitis (lip / tongue blue),,
241,Screen phrase (check first),Hypoglycaemia (blood glucose below 70 mg/dL),हाइपोग्लाइसीमिया (रक्त शर्करा 70 mg/dL से कम),Hypoglycemia (blood sugar less than 70 mg / dL),,
242,Screen phrase (check first),Vomits everything or ongoing diarrhoea,सब कुछ उल्टी कर देना या लगातार दस्त,Vomiting everything or persistent diarrhea,,
243,Screen phrase (check first),Altered mental status or agitation,बदली हुई मानसिक स्थिति या बेचैनी,Changed mental state or anxiety,,
244,Screen phrase (check first),clinician danger-sign check,स्वास्थ्यकर्मी द्वारा ख़तरे के संकेतों की जाँच,Checking for signs of danger by a health care provider,,
245,Screen phrase (check first),Clinician danger-sign check,स्वास्थ्यकर्मी द्वारा ख़तरे के संकेतों की जाँच,Checking for signs of danger by a health care provider,,
246,Screen phrase (check first),"UNDETERMINED, held at YELLOW — cannot be routine until measured: {list}","अनिर्धारित, पीला रखा गया — मापे बिना सामान्य नहीं हो सकता: {list}","Undefined, yellowed - cannot be normal without measurement: {list}",,
247,Screen phrase (check first),Breathing worse than at the last workplace screening,पिछली कार्यस्थल जाँच की तुलना में साँस लेने में ज़्यादा तकलीफ़,Difficulty breathing compared to previous workplace check-ups,,
248,Screen phrase (check first),Did not come,नहीं आए,didn't come,,
249,Screen phrase (check first),Find an expected patient,अपेक्षित मरीज़ खोजें,Searching for the desired patient,,
250,Screen phrase (check first),"The last visit was never fully assessed (UNDETERMINED): a person calls, not the agent","पिछली मुलाक़ात की पूरी जाँच नहीं हुई (अनिर्धारित): एजेंट नहीं, व्यक्ति कॉल करेगा","Previous meeting not fully checked (undecided): not agent, person will call",,
251,Screen phrase (check first),Stridor / noisy breathing,स्ट्राइडर / आवाज़ के साथ साँस,Breathing with a strider / voice,,
252,Screen phrase (check first),Active seizures (fits reported — treated as active until a clinician confirms otherwise),"चल रहे दौरे / झटके (झटके बताए गए — जब तक स्वास्थ्यकर्मी अन्यथा पुष्टि न करें, चालू माने जाते हैं)",Ongoing seizures / shocks (shocks reported - considered on unless otherwise confirmed by the healthcare provider),,
253,Screen phrase (check first),Unable to feed or drink,खा या पी न पाना,Not being able to eat or drink,,
254,Screen phrase (check first),Acute visual disturbance,अचानक दृष्टि में गड़बड़ी,Sudden visual impairment,,
255,Screen phrase (check first),New rash worsening over hours or peeling,नए दाने जो घंटों में बढ़ रहे हों या त्वचा उतर रही हो,New rashes that are growing in hours or the skin is shedding.,,
256,Screen phrase (check first),Point-of-care blood glucose above 300 mg/dL,मौके पर जाँची गई रक्त शर्करा 300 mg/dL से अधिक,On-the-spot blood sugar over 300 mg / dL,,
257,Screen phrase (check first),Consent is needed to continue,आगे बढ़ने के लिए सहमति ज़रूरी है,Consent is required to proceed.,,
258,Screen phrase (check first),Enter a valid age,सही उम्र लिखें,Write down the correct age.,,
259,Screen phrase (check first),Offered at this facility,इस केंद्र पर उपलब्ध,Available at this centre.,,
260,Screen phrase (check first),"The text to translate, with names already removed. Hosted in India.","अनुवाद के लिए पाठ, नाम पहले से हटाकर। भारत में होस्ट।","Text for translation, name pre-deleted. Hosted in India.",,
261,Screen phrase (check first),Any burning or pain when passing urine?,पेशाब करते समय जलन या दर्द?,Burning or pain while urinating?,,
262,Screen phrase (check first),Phone back now. The agent said nothing about what the sign may mean; the person who calls decides what to do.,अभी वापस फ़ोन करें। एजेंट ने संकेत के मतलब के बारे में कुछ नहीं कहा; फ़ोन करने वाला व्यक्ति तय करेगा कि क्या करना है।,Call back now. The agent didn't say anything about what the signal meant; the caller will decide what to do.,,
263,Screen phrase (check first),Malnutrition with visible severe wasting or oedema of both feet,"कुपोषण, साथ में दिखने वाला गंभीर दुबलापन या दोनों पैरों में सूजन","Malnutrition, accompanied by severe weakness or swelling of both legs",,
264,Screen phrase (check first),Breathing compared with the last screening not recorded,पिछली जाँच की तुलना में साँस की स्थिति दर्ज नहीं,No respiratory status recorded compared to the previous test,,
265,Screen phrase,Not taking medicines every day,हर दिन दवा नहीं ले रहे,They don't take medication every day.,,
266,Screen phrase,Hypoglycaemia (blood glucose below 54 mg/dL / 3 mmol/L),हाइपोग्लाइसीमिया (रक्त शर्करा 54 mg/dL / 3 mmol/L से कम),Hypoglycemia (blood sugar less than 54 mg / dL / 3 mmol / L),,
267,Screen phrase,FEV1 down 15 % or more from the worker's own earliest recorded value,FEV1 कर्मचारी के अपने सबसे पहले दर्ज मान से 15 % या अधिक कम,FEV1 less than or equal to 15 percent of the employee's first recorded value,,
268,Screen phrase,Workplace finding: protective equipment gap,कार्यस्थल से जुड़ा निष्कर्ष: सुरक्षा उपकरण की कमी,Workplace Conclusions: Lack of Safety Equipment,,
269,Screen phrase,"Test name read as ""{h}"" — matched to {t} ({p} similar)","जाँच का नाम ""{h}"" पढ़ा गया — {t} से मिलाया गया ({p} समान)","Check name read ""{h}"" - mixed with {t} ({p} same)",,
270,Screen phrase,Most often lowered first. A high rate points at a rule worth reviewing.,सबसे अधिक घटाए गए पहले। ऊँची दर बताती है कि नियम की समीक्षा होनी चाहिए।,The highest subtracted first. The high rate suggests that the rule should be reviewed.,,
271,Screen phrase,Low — ask every follow-up question,कम — हर फ़ॉलो-अप सवाल पूछें,Ask less-than-per-follow-up questions,,
272,Screen phrase,"Every rule has regression tests. On 50 synthetic cases, flipping only the sex changed no urgency; moving only the age changed one, by design (pain over 50).","हर नियम के लिए जाँच-परीक्षण हैं। 50 कृत्रिम मामलों में केवल लिंग बदलने से कोई तात्कालिकता नहीं बदली; केवल उम्र बदलने से एक बदली, जान-बूझकर (50 से ऊपर दर्द)।","There are checks for every rule. In 50 artificial cases, only changing sex did not change any urgency; only changing age did not change a change, intentionally (pain above 50).",,
273,Screen phrase,"Altered sensorium — responds only to voice or pain, or unresponsive","बदली हुई चेतना — केवल आवाज़ या दर्द पर प्रतिक्रिया, या कोई प्रतिक्रिया नहीं","Altered consciousness - only a response to sound or pain, or no response at all",,
274,Screen phrase,"Drowning, hanging, electrocution or trauma with a dangerous mechanism","डूबना, फाँसी, बिजली का झटका या ख़तरनाक तरीके से लगी चोट","Drowning, hanging, electrocution, or fatal injury",,
275,Screen phrase,Hard to read — check the value against the crop,पढ़ना मुश्किल — मान को छवि के हिस्से से मिलाएँ,Difficult to read - Match the value to part of the image,,
276,Screen phrase,Report is {n} days old (dated {d}) — values may not reflect today,रिपोर्ट {n} दिन पुरानी है (तारीख़ {d}) — मान आज की स्थिति नहीं दर्शा सकते,Report {n} is day old (date {d}) - values cannot represent today's status,,
277,Screen phrase,"General danger sign — unable to drink or breastfeed, vomits everything, convulsions, lethargic or unconscious","सामान्य ख़तरे का संकेत — पी या स्तनपान न कर पाना, सब कुछ उल्टी कर देना, दौरे, सुस्त या बेहोश","Signs of general danger - not being able to drink or breastfeed, vomiting everything, seizures, lethargy or fainting",,
278,Screen phrase,Busy day at this facility: only the safety questions are asked. The nurse asks the rest.,आज केंद्र में भीड़ है: केवल सुरक्षा वाले सवाल पूछे जाते हैं। बाक़ी नर्स पूछेंगी।,Today the center is crowded: only security questions are asked. The rest will be asked by the nurses.,,
279,Screen phrase,Pregnancy and long-term-condition check-ups assigned to you that are due or were missed. Visit or phone; after 2 failed attempts a reminder call is due.,आपको सौंपी गई गर्भावस्था और लंबी बीमारी की जाँचें जो बाकी हैं या छूट गईं। घर जाएँ या फ़ोन करें; 2 असफल कोशिशों के बाद रिमाइंडर कॉल करनी है।,Check for assigned pregnancies and chronic illness that are left or missed. Go home or call; 2 is to make a reminder call after unsuccessful attempts.,,
280,Screen phrase,Expected — filled in from home,अपेक्षित — घर से भरा गया,Expected - Filled with house,,
281,Screen phrase,Machine translated,मशीन अनुवाद,The machine translation,,
282,Screen phrase,Voice transcript,आवाज़ से लिखा गया पाठ,Text written by voice,,
283,Screen phrase,Injury or burn,चोट या जल जाना,Injury or burns,,
284,Screen phrase,A second engine is still checking what it heard…,दूसरा सिस्टम अभी जाँच रहा है कि उसने क्या सुना…,The other system is just checking what it heard...,,
285,Screen phrase,Use this one instead,इसके बजाय यह लें,Take this instead.,,
286,Screen phrase,Follow-ups,फ़ॉलो-अप,Follow-up,,
287,Screen phrase,Own phone,अपना फ़ोन,It's your phone,,
288,Screen phrase,Home visit,घर पर मुलाक़ात,Meeting at home,,
289,Screen phrase,Call with the script,स्क्रिप्ट से कॉल करें,Call from script,,
290,Screen phrase,No phone: a home visit is needed,फ़ोन नहीं: घर जाना होगा,No phone: I have to go home.,,
291,Screen phrase,The patient chose no AI processing: a person calls,मरीज़ ने AI से प्रोसेसिंग नहीं चुनी: व्यक्ति कॉल करेगा,Patient didn't choose AI processing: person will call,,
292,Screen phrase,Voice off,आवाज़ बंद,turn off the volume,,
293,Screen phrase,danger sign,ख़तरे का संकेत,Signs of danger,,
294,Screen phrase,"If the last visit was RED, YELLOW or never fully assessed, or the patient chose no AI, a person calls instead.","अगर पिछली मुलाक़ात लाल, पीली या अधूरी जाँची थी, या मरीज़ ने AI नहीं चुना, तो व्यक्ति कॉल करता है।","If a red, yellow, or incomplete test was performed at a previous appointment, or the patient did not choose AI, the person calls.",,
295,Screen phrase,"On a phone that is not hers, or when someone else answers, nothing about health is said.","जो फ़ोन उसका नहीं है, या कोई और उठाए, तो स्वास्थ्य के बारे में कुछ नहीं कहा जाता।","A phone that doesn't belong to him, or someone else picked up, doesn't say anything about health.",,
296,Screen phrase,No clear answer to a danger-sign question — a person must call,ख़तरे वाले प्रश्न का साफ़ जवाब नहीं — व्यक्ति को कॉल करना है,Not a clear answer to the dangerous question - calling the person,,
297,Screen phrase,Recorded as an attempt. Try again later or visit.,कोशिश के रूप में दर्ज। बाद में फिर कोशिश करें या घर जाएँ।,Enter as a try. Try again later or go home.,,
298,Screen phrase,Could not understand the recording — type or tap the answer,रिकॉर्डिंग समझ नहीं आई — जवाब लिखें या चुनें,Didn't understand the recording - write or select the answer,,
299,Screen phrase,Out of range,सीमा से बाहर,out of bounds,,
300,Screen phrase,{n} out of range,{n} सीमा से बाहर,{n} out of bounds,,
301,Screen phrase,Given by patient,मरीज़ ने दी,The patient has provided,,
302,Screen phrase,No patient login: patients get a clinician-issued slip and never see an urgency tier.,मरीज़ों का कोई लॉगिन नहीं: उन्हें स्वास्थ्यकर्मी की दी हुई पर्ची मिलती है और वे कभी तात्कालिकता स्तर नहीं देखते।,Patients have no login: they receive a prescription from a healthcare provider and never see an urgency level.,,
303,Screen phrase,Audible wheeze,सुनाई देने वाली घरघराहट,audible wheezing,,
304,Screen phrase,Limb weakness (onset within 24 h),हाथ-पैर में कमज़ोरी (24 घंटे के भीतर शुरू),Weakness in the limbs (starting within 24 hours),,
305,Screen phrase,Severe pallor,"गंभीर फीकापन (त्वचा, होंठ या नाखून सफ़ेद पड़ना)","Severe fading (whitening of the skin, lips, or nails)",,
306,Screen phrase,Ongoing bleeding,लगातार रक्तस्राव,Persistent bleeding,,
307,Screen phrase,Recent fainting,हाल ही में बेहोशी,recently fainting,,
308,Screen phrase,Acute focal neurological complaint,अचानक किसी एक अंग/हिस्से से जुड़ी तंत्रिका संबंधी शिकायत,A sudden neurological complaint involving one of the organs / parts,,
309,Screen phrase,Severe pain,तेज़ दर्द,Acute pain,,
310,Screen phrase,Cold extremities,हाथ-पैर ठंडे,Cold hands and feet,,
311,Screen phrase,"Altered mental status (confused, restless, irritable or lethargic) with stiff neck, hypothermia or fever","बदली हुई मानसिक स्थिति (भ्रम, बेचैनी, चिड़चिड़ापन या सुस्ती) के साथ गर्दन में अकड़न, शरीर का बहुत ठंडा होना या बुखार","Neck stiffness, extreme body chills, or fever with altered mental status (confusion, restlessness, irritability, or lethargy)",,
312,Screen phrase,Ongoing diarrhoea,लगातार दस्त,Persistent diarrhoea,,
313,Screen phrase,Trauma or burn,चोट या जलने की चोट,Injury or burn injury,,
314,Screen phrase,SpO₂ below 90% (severe pneumonia),SpO₂ 90% से कम (गंभीर निमोनिया),SpO2 less than 90% (severe pneumonia),,
315,Screen phrase,"Diarrhoea with two of — lethargic/unconscious, sunken eyes, not able to drink or drinking poorly, skin pinch very slow","दस्त, साथ में इनमें से दो — सुस्त/बेहोश, धँसी आँखें, पी न पाना या ठीक से न पीना, त्वचा की चुटकी बहुत धीरे लौटना","Diarrhea, along with two of these - sluggish / faint, puffy eyes, not being able to drink or drink properly, skin rashes returning very slowly.",,
316,Screen phrase,Severe anaemia on report — Hb below 8.0 g/dL,रिपोर्ट में गंभीर एनीमिया — Hb 8.0 g/dL से कम,Severe anemia in report - Hb less than 8. 0 g / dL,,
317,Screen phrase,blood glucose,रक्त शर्करा,Blood sugar,,
318,Screen phrase,{x} not recorded — needed before the case can be routine,{x} दर्ज नहीं — केस को सामान्य मानने से पहले ज़रूरी,{x} not entered - required before the case is considered normal,,
319,Screen phrase,Raise urgency,तात्कालिकता बढ़ाएँ,Increase urgency,,
320,Screen phrase,Urgency overrides,तात्कालिकता में बदलाव,Change in urgency,,
321,Screen phrase,Override rate per rule,हर नियम पर बदलाव की दर,The rate of change on each rule,,
322,Screen phrase,Lowered rate,घटाने की दर,The rate of reduction,,
323,Screen phrase,Choose sex,लिंग चुनें,Choose Gender,,
324,Screen phrase,Name match,नाम मिलता है,The name is found,,
325,Screen phrase,Confirm by {when},{when} तक पुष्टि करें,Verify until {when},,
326,Screen phrase,Confirm received,मिलने की पुष्टि करें,Confirm meeting,,
327,Screen phrase,Referral closed — care received,रेफ़रल बंद — देखभाल मिली,Referral Off-Care Found,,
328,Screen phrase,Referral overdue,रेफ़रल की समय-सीमा पार,Referral timeout,,
329,Screen phrase,Antenatal check-up,प्रसव-पूर्व जाँच,Prenatal check-up,,
330,Screen phrase,Chronic check-in,लंबी बीमारी की जाँच,Diagnosis of chronic disease,,
331,Screen phrase,"Holidays (YYYY-MM-DD, comma separated)","छुट्टियाँ (YYYY-MM-DD, कॉमा से अलग)","Holidays (YYYY-MM-DD, separate from commas)",,
332,Screen phrase,"Normal — up to 7 questions, safety first","सामान्य — 7 सवाल तक, सुरक्षा पहले","General - Up to 7 questions, Security first",,
333,Screen phrase,High — safety questions only,ज़्यादा — केवल सुरक्षा वाले सवाल,More-Only Security Questions,,
334,Screen phrase,speech measured: {w}% word errors,बोली मापी गई: {w}% शब्द त्रुटि,Bid measured: {w}% word error,,
335,Screen phrase,Patient screens,मरीज़ की स्क्रीन,The screen of the patient,,
336,Screen phrase,Next visit,अगली जाँच,Next check,,
337,Screen phrase,On this server,इसी सर्वर पर,on the same server.,,
338,Screen phrase,"Slow on a laptop (about 3 × real time), so it answers after the read-back has started.","लैपटॉप पर धीमा (बोली के समय का लगभग 3 गुना), इसलिए पढ़कर सुनाना शुरू होने के बाद जवाब देता है।","Slow on the laptop (about 3 times the bid time), so responds after reading and listening begins.",,
339,Screen phrase,CC-BY-NC 4.0 (non-commercial; a commercial deployment needs another voice),CC-BY-NC 4.0 (गैर-व्यावसायिक; व्यावसायिक उपयोग के लिए दूसरी आवाज़ चाहिए),CC-BY-NC 4.0 (non-commercial; second voice required for commercial use),,
340,Screen phrase,"Audio or a photo, only when the patient chose AI helpers; fixed prompts for the voice. Hosted in India.","ऑडियो या फ़ोटो, केवल जब मरीज़ ने AI सहायक चुने हों; आवाज़ के लिए तय वाक्य। भारत में होस्ट।","Audio or photos, only when the patient has chosen an AI assistant; sentences set to sound. Hosted in India.",,
341,Screen phrase,Commercial API,व्यावसायिक API,Business API,,
342,Screen phrase,Needs a network and credits. Off in the stub profile.,नेटवर्क और क्रेडिट चाहिए। stub प्रोफ़ाइल में बंद।,Network and credit required. Closed in stub profile.,,
343,Screen phrase,Could you be pregnant — is your period late?,क्या आप गर्भवती हो सकती हैं — क्या माहवारी देर से है?,Can You Get Pregnant - Is Menstruation Late?,,
344,Screen phrase,Has the cough lasted 2 weeks or more?,क्या खांसी 2 हफ्ते या उससे ज़्यादा से है?,Have you had a cough for 2 weeks or more?,,
345,Screen phrase,Weight loss,वज़न कम होना,Losing weight,,
346,Screen phrase,Any vomiting?,उल्टी हो रही है?,Are you vomiting?,,
347,Screen phrase,Yes — shivering,हाँ — कंपकंपी,Yes - shuddering,,
348,Screen phrase,Yes — burning,हाँ — जलन,Yes - irritation,,
349,Screen phrase,Has the child had all the vaccines due for their age?,क्या बच्चे को उम्र के हिसाब से सारे टीके लगे हैं?,Has the child received all age-appropriate vaccinations?,,
350,Screen phrase,Some missed,कुछ छूट गए,Some were left out.,,
351,Screen phrase,Yes — to a medicine,हाँ — एक दवा से,Yes - from a drug.,,
352,Screen phrase,Do you take any medicine every day?,क्या आप रोज़ कोई दवा लेते हैं?,Do you take any medications on a daily basis?,,
353,Screen phrase,"Check them in when they reach the desk. Their place in the queue starts then, so filling in early never puts anyone ahead of people already waiting.","काउंटर पर पहुँचने पर इन्हें चेक-इन करें। कतार में इनकी जगह तभी से शुरू होगी, इसलिए पहले भरने से कोई पहले से इंतज़ार कर रहे लोगों से आगे नहीं जाता।","Check them in when you get to the counter. Their place in the queue will start right away, so filling in first doesn't get ahead of those already waiting.",,
354,Screen phrase,"Diarrhoea with two of — restless/irritable, sunken eyes, drinks eagerly/thirsty, skin pinch slow","दस्त, साथ में इनमें से दो — बेचैन/चिड़चिड़ा, धँसी आँखें, उत्सुकता से पीना/प्यासा, त्वचा की चुटकी धीरे लौटना","Diarrhoea, along with two of these - restless / irritable, puffy eyes, eager drinking / thirst, skin rashes returning slowly",,
355,Screen phrase,"Any two of — lethargy, sunken eyes, very slow skin pinch, drinks poorly","इनमें से कोई दो — सुस्ती, धँसी आँखें, त्वचा की चुटकी बहुत धीरे लौटना, ठीक से न पीना","Any two of these - lethargy, puffy eyes, skin rashes returning very slowly, not drinking properly.",,
356,Screen phrase,Two OCR engines read the report differently — check against the image crop,दो OCR इंजनों ने रिपोर्ट अलग-अलग पढ़ी — छवि के हिस्से से मिलाएँ,Two OCR engines read reports separately - match part of the image,,
357,Screen phrase,"Sets the urgency (RED / YELLOW / GREEN) from fixed, cited clinical rules.","तय, संदर्भित चिकित्सा नियमों से तात्कालिकता (लाल / पीला / हरा) तय करता है।",Fixes the urgency (red / yellow / green) from the referred medical regimens.,,
358,Screen phrase,The medical officer and the assigned health worker have an alert to phone back now. The agent said nothing about what the sign may mean.,चिकित्सा अधिकारी और सौंपे गए स्वास्थ्य कर्मी को अभी वापस फ़ोन करने का अलर्ट है। एजेंट ने संकेत के मतलब के बारे में कुछ नहीं कहा।,The medical officer and the assigned health worker are still on alert to call back. The agent did not say what the signal meant.,,
359,Screen phrase,Said they cannot come this week — a home visit is needed.,कहा कि इस हफ़्ते नहीं आ सकते — घर जाना होगा।,He said he couldn't come this week - he had to go home.,,
360,Screen phrase,Leave a box blank if it was not measured; the note lists it as not measured.,जो मापा नहीं गया उसका खाना खाली छोड़ें; नोट में वह 'मापा नहीं गया' लिखा जाएगा।,"Leave food unmeasured; the note will say ""Not Measured.""",,
361,Screen phrase,e.g. Drink plenty of water; come back at once if the fever rises,जैसे खूब पानी पिएँ; बुखार बढ़े तो तुरंत लौटें,Drink plenty of water; return immediately if the fever increases.,,
362,Screen phrase,"No speech recognition, translation or report reading ran; the note is the fixed template and urgency comes from the rules alone","न आवाज़ पहचान, न अनुवाद, न रिपोर्ट पढ़ना चला; नोट तय ढाँचे वाला है और तात्कालिकता केवल नियमों से तय हुई","No voice recognition, no translation, no report reading; the note is structured and the urgency is determined only by the rules.",,
363,Screen phrase,Cough or breathlessness after 5 or more years of silica exposure,5 या अधिक वर्षों के सिलिका संपर्क के बाद खाँसी या साँस फूलना,Coughing or shortness of breath after 5 or more years of silica contact,,
364,Screen phrase,Needs checking — confirm the date of the lab slip,जाँच ज़रूरी — लैब पर्ची की तारीख़ की पुष्टि करें,Check Required - Verify the date of the lab slip,,
365,Screen phrase,Occupational screening — adapted (no published Indian occupational triage protocol),व्यावसायिक जाँच — अनुकूलित (कोई प्रकाशित भारतीय व्यावसायिक ट्राइएज प्रोटोकॉल नहीं),Professional check-optimized (no published Indian commercial triage protocol),,
366,Screen phrase,No reference range printed — compared with a typical adult range,कोई संदर्भ सीमा नहीं छपी — सामान्य वयस्क सीमा से तुलना की गई,No reference limit printed - compared to normal adult limit,,
367,Screen phrase,"Tell us at least one problem — speak, type or tap","कम से कम एक समस्या बताएँ — बोलें, लिखें या छुएँ","State at least one problem - speak, write, or touch.",,
368,Screen phrase,We are not sure we heard this correctly. A health worker will ask you about it. You can also say it again or tap the pictures.,हमें पक्का नहीं कि हमने सही सुना। स्वास्थ्य कर्मी आपसे इसके बारे में पूछेंगे। आप फिर से बोल सकते हैं या चित्र दबा सकते हैं।,We're not sure if we heard right. Health workers will ask you about it. You can speak again or press the picture.,,
369,Screen phrase,Back-translation checks and native-speaker review of the screen text (docs/translation_review.csv).,उलटे अनुवाद से जाँच और स्क्रीन पाठ की मातृभाषी समीक्षा (docs/translation_review.csv)।,Inverted translation check and mother tongue review of screen text (docs / translation _ review.csv).,,
370,Screen phrase,Handwriting is not read reliably offline. Every value carries the image it came from.,ऑफ़लाइन हस्तलेख भरोसे से नहीं पढ़ा जाता। हर मान के साथ उसका स्रोत चित्र रहता है।,Offline handwriting is not reliably read. Each value is accompanied by its source image.,,
371,Screen phrase,An automated call is weak evidence: people often give the safe answer to an unfamiliar voice. The follow-up stays open until the visit.,स्वचालित कॉल कमज़ोर सबूत है: लोग अक्सर अनजान आवाज़ को सुरक्षित जवाब देते हैं। मुलाक़ात तक फ़ॉलो-अप खुला रहता है।,Automated calls are weak evidence: people often respond securely to an unknown voice. Follow-up is open until the meeting.,,
372,Screen phrase,"Which days this facility holds follow-up visits. A follow-up date is moved to the next such day, never earlier and never on a closed day.","यह केंद्र किन दिनों फ़ॉलो-अप जाँच करता है। फ़ॉलो-अप की तारीख़ अगले ऐसे दिन पर जाती है, कभी पहले नहीं और कभी बंद दिन पर नहीं।","The days this center checks for follow-ups. The date of follow-ups goes to the next such day, never the first, and never the closing day.",,
373,Screen phrase,"Trauma, burns and occupational pathways.","आघात, जलने की चोट और व्यावसायिक मार्ग।","Trauma, burn injury, and occupational route.",,
374,Screen phrase,A second engine heard something different,दूसरे सिस्टम ने कुछ अलग सुना,The other system heard something different.,,
375,Screen phrase,Reached — waiting for the visit,संपर्क हुआ — मुलाक़ात का इंतज़ार,Reached out - Waiting for a meeting,,
376,Screen phrase,Logistics and yes / no questions only. It never answers with advice: under India's Telemedicine Practice Guidelines 2020 an AI platform may not counsel a patient.,सिर्फ़ तारीख़-जगह की बात और हाँ / ना वाले प्रश्न। यह कभी सलाह नहीं देता: भारत के टेलीमेडिसिन प्रैक्टिस दिशानिर्देश 2020 के तहत AI प्लेटफ़ॉर्म मरीज़ को परामर्श नहीं दे सकता।,"Only date and place and yes / no questions. It never advises: Under India's Telemedicine Practice Guidelines 2020, AI platforms cannot offer patient consultation.",,
377,Screen phrase,Message left with someone else,किसी और को संदेश दिया,sent a message to someone else,,
378,Screen phrase,Acute chest pain (onset within 24 h),अचानक छाती में दर्द (24 घंटे के भीतर शुरू),Sudden chest pain (starting within 24 hours),,
379,Screen phrase,Acute-onset shortness of breath (within 12 h),अचानक साँस फूलना (12 घंटे के भीतर),Sudden shortness of breath (within 12 hours),,
380,Screen phrase,Poisoning / ingestion or dangerous chemical exposure,ज़हर / कुछ निगल लेना या ख़तरनाक रसायन के संपर्क में आना,Poisoning / swallowing something or being exposed to a dangerous chemical,,
381,Screen phrase,Acute testicular / scrotal pain or priapism,अचानक अंडकोष / अंडकोश में दर्द या प्रियापिज़्म (लगातार दर्दनाक तनाव),Sudden testicular / scrotum pain or priapism (persistent painful tension),,
382,Screen phrase,Silica exposure with a presumptive TB symptom — same-day doctor review and NTEP sputum test (silicotuberculosis risk),सिलिका संपर्क के साथ संभावित TB लक्षण — उसी दिन डॉक्टर की समीक्षा और NTEP बलगम जाँच (सिलिको-ट्यूबरकुलोसिस का जोखिम),Possible TB symptoms with silica contact - same-day doctor review and NTEP mucus screening (risk of silico-tuberculosis),,
383,Screen phrase,Years of workplace exposure not recorded,कार्यस्थल पर संपर्क के वर्ष दर्ज नहीं,Year of contact at workplace not recorded,,
384,Screen phrase,Implausible blood pressure — possible misread,असंभव रक्तचाप — शायद गलत पढ़ा गया,Impossible Blood Pressure - Probably misread,,
385,Screen phrase,"Who confirmed it? (name, role, place)","किसने पुष्टि की? (नाम, पद, जगह)","Who confirmed? (name, designation, location)",,
386,Screen phrase,Enter your name and role,अपना नाम और पद लिखें,Write down your name and position.,,
387,Screen phrase,Yes — a blood thinner (like warfarin),हाँ — खून पतला करने की दवा (जैसे वारफ़रिन),Yes - blood thinners (such as warfarin),,
388,Screen phrase,Do you have a long-term illness?,क्या आपको कोई पुरानी बीमारी है?,Do you have a chronic illness?,,
389,Screen phrase,"Speech to text, translation and reading reports on this facility's computer. Your recorded words, and photos of handwritten papers, may also be read by a second engine online, in India (Sarvam AI).","बोली से लिखना, अनुवाद और रिपोर्ट पढ़ना इसी केंद्र के कंप्यूटर पर। आपकी रिकॉर्ड की गई बात और हाथ से लिखे कागज़ों की फ़ोटो को भारत में एक दूसरा ऑनलाइन सिस्टम (Sarvam AI) भी पढ़ सकता है।","Writing in dialect, translating, and reading reports can be done on the same centre's computer. Your recorded speech and handwritten paper photos can also be read by another online system (Sarvam AI) in India.",,
390,Screen phrase,No red or yellow criteria; vital signs measured and within limits; danger-sign check recorded,कोई लाल या पीला मापदंड नहीं; वाइटल साइन मापे गए और सीमा के भीतर; ख़तरे के संकेतों की जाँच दर्ज,No red or yellow parameters; Vital signs measured and within range; Danger signs checked,,
391,Screen phrase,{n} referral(s) past due and not confirmed received — check that the patient reached care.,{n} रेफ़रल की समय-सीमा निकल गई और देखभाल मिलने की पुष्टि नहीं हुई — जाँचें कि मरीज़ पहुँचा या नहीं।,{n} Referrals expired and care was not confirmed - check to see if the patient was reached.,,
392,Screen phrase,"Not confirmed received at {d}; was due {when}. Phone the destination, then close it on the Referrals page.","{d} पर मिलने की पुष्टि नहीं हुई; समय-सीमा {when} थी। वहाँ फ़ोन करें, फिर रेफ़रल पेज पर इसे बंद करें।","The meeting was not confirmed on {d}; the deadline was {when}. Call there, then close it on the referral page.",,
393,Screen phrase,"One voice per language, flat and slightly robotic. Numbers and English words can be mispronounced.","हर भाषा में एक आवाज़, सपाट और थोड़ी यांत्रिक। अंक और अंग्रेज़ी शब्द गलत बोले जा सकते हैं।","Every language has a sound, flat and slightly mechanical. Numbers and English words can be misspelled.",,
394,Screen phrase,"Simulated: no phone call is made in this build. The agent's lines are shown and read aloud here; type, tap or speak what the patient says.","सिम्युलेशन: इस संस्करण में कोई फ़ोन कॉल नहीं होती। एजेंट की पंक्तियाँ यहाँ दिखती और पढ़ी जाती हैं; मरीज़ जो कहे उसे लिखें, चुनें या बोलें।","Simulation: There are no phone calls in this version. Agent lines are seen and read here; write, select, or speak what the patient says.",,
395,Screen phrase,"Ordered by rules-engine urgency, then escalated cases, then time waiting since arrival; each row says why it is where it is. Critical cases auto-escalate after 15 minutes.","नियम-इंजन की तात्कालिकता, फिर एस्केलेट हुए मामले, फिर पहुँचने के बाद से प्रतीक्षा के क्रम में; हर पंक्ति बताती है कि वह वहाँ क्यों है। गंभीर मामले 15 मिनट बाद अपने-आप एस्केलेट होते हैं।","The rule - the urgency of the engine, then the escalated cases, then the waiting order since arrival; each line explains why it is there. Severe cases escalate automatically after 15 minutes.",,
396,Screen phrase,High-risk vital sign — AVPU other than Alert,उच्च-जोखिम वाइटल साइन — AVPU सतर्क (Alert) के अलावा,High-risk Vital Signs - In addition to the AVPU Alert,,
397,Screen phrase,Baby moving less than usual (same-day assessment),शिशु की हलचल सामान्य से कम (उसी दिन जाँच),Lower-than-usual baby movement (same-day check),,
398,Screen phrase,Fluid leaking from the vagina (possible rupture of membranes),योनि से पानी रिसना (संभावित झिल्ली फटना),Watery discharge from the vagina (possible membrane rupture),,
399,Screen phrase,{n} medicine name(s) read from a strip or prescription — awaiting confirmation,स्ट्रिप या पर्चे से {n} दवा के नाम पढ़े गए — पुष्टि बाकी,{n} drug names read from strip or prescription - confirmation remaining,,
400,Screen phrase,"""{u}"" is not a unit used for {t} — check the unit and the value","""{u}"" {t} की इकाई नहीं है — इकाई और मान जाँचें",{u} is not a unit of {t} - check unit and value,,
401,Screen phrase,BP systolic must be higher than diastolic — check the reading,"BP सिस्टोलिक, डायस्टोलिक से ज़्यादा होना चाहिए — रीडिंग जाँचें","BP should be systolic, higher than diastolic - check readings",,
402,Screen phrase,It only flags; it never replaces the patient's confirmed words.,यह केवल संकेत देता है; मरीज़ के पुष्ट शब्दों को कभी नहीं बदलता।,It only signals; never changes the patient's affirmative words.,,
403,Screen phrase,"Any blood in the spit, weight loss or sweating at night?","थूक में खून, वज़न कम होना या रात को पसीना?","Blood in the sputum, weight loss, or night sweats?",,
404,Screen phrase,20 held-out synthetic cases for the summary; 50 cases for the urgency opinion (docs/EVALUATION.md).,सारांश के लिए 20 अलग रखे गए कृत्रिम मामले; तात्कालिकता राय के लिए 50 मामले (docs/EVALUATION.md)।,20 set aside artificial cases for summary; 50 cases for urgency opinion (docs / EVALUATION.md).,,
405,Screen phrase,"Share it by SMS or on a poster. Patients fill in before coming and get an H- number; they join the queue only when the desk checks them in, so nobody is moved ahead of people already waiting.","इसे SMS या पोस्टर से साझा करें। मरीज़ आने से पहले भरते हैं और H- नंबर पाते हैं; काउंटर पर चेक-इन होने पर ही वे कतार में जुड़ते हैं, इसलिए कोई पहले से इंतज़ार कर रहे लोगों से आगे नहीं जाता।","Share it via SMS or poster. Patients fill in before they arrive and find the H-number; they only line up when they check-in at the counter, so no one gets ahead of the people already waiting.",,
406,Screen phrase,A danger sign said anywhere ends the call and pages a person. So does “not sure” on a danger-sign question.,कहीं भी कहा गया ख़तरे का संकेत कॉल ख़त्म करता है और व्यक्ति को सूचना देता है। ख़तरे वाले प्रश्न पर “पता नहीं” भी।,"The danger signal anywhere ends the call and notifies the person. The danger question is ""not known.""",,
407,Screen phrase,You can raise the urgency at any time; only a doctor can lower it. The original rules output is kept.,आप कभी भी तात्कालिकता बढ़ा सकते हैं; इसे केवल डॉक्टर घटा सकते हैं। नियमों का मूल परिणाम सुरक्षित रहता है।,You can increase the urgency at any time; it can only be reduced by the doctor. The basic result of the rules is preserved.,,
408,Screen phrase,Close the referral only when the destination confirms the patient was seen. The receiving clinician can also confirm from the QR summary.,रेफ़रल तभी बंद करें जब पहुँचने की जगह पुष्टि करे कि मरीज़ को देखा गया। पाने वाले डॉक्टर QR सारांश से भी पुष्टि कर सकते हैं।,Turn off referrals only if the point of arrival confirms that the patient was seen. Receiving doctors can also confirm with a QR summary.,,
409,Screen phrase,"FLEURS read speech, 25 clips per language: word errors Hindi 10.7 %, Kannada 20.6 %, Odia 21.6 %. By speaker sex: Hindi women 13.9 %, men 7.0 %; Kannada women 17.3 %, men 24.2 %; Odia has only women speakers in this set.","FLEURS पढ़ी गई बोली, हर भाषा में 25 क्लिप: शब्द त्रुटि हिंदी 10.7 %, कन्नड़ 20.6 %, ओड़िया 21.6 %। वक्ता के लिंग से: हिंदी महिलाएँ 13.9 %, पुरुष 7.0 %; कन्नड़ महिलाएँ 17.3 %, पुरुष 24.2 %; इस सेट में ओड़िया में केवल महिला वक्ता हैं।","FLEURS read dialect, 25 clips in each language: Word error Hindi 10.7%, Kannada 20.6%, Odia 21.6% | By gender of the speaker: Hindi females 13.9%, males 7. 0%; Kannada females 17.3%, males 24.2%; in this set there are only female speakers in Odia.",,
410,Screen phrase,"Read speech is cleaner than a clinic. Dialects, medical words and noise raise errors. Answers heard with low confidence become a question for the health worker.","पढ़ी गई बोली क्लिनिक से साफ़ होती है। बोलियाँ, चिकित्सा शब्द और शोर त्रुटियाँ बढ़ाते हैं। कम भरोसे से सुने गए जवाब स्वास्थ्य कर्मी के लिए प्रश्न बन जाते हैं।","The language read is clear from the clinic. Dialects, medical words, and noise increase errors. Less confidently heard answers become questions for the health worker.",,
411,Screen phrase,{name} checked in — token {token},{name} चेक-इन हो गए — टोकन {token},{name} check-in done - tokens {token},,
412,Screen phrase, — check against the patient's own words, — मरीज़ के अपने शब्दों से मिलाएँ,Match the patient's own words.,,
413,Screen phrase,Danger sign on a call — a person must call back,कॉल पर ख़तरे का संकेत — किसी व्यक्ति को वापस कॉल करना है,Danger signal on call - is to call a person back.,,
414,Screen phrase,Agent may call,एजेंट कॉल कर सकता है,The agent can make a call.,,
415,Screen phrase,A person must call,किसी व्यक्ति को कॉल करना है,You have to call a person,,
416,Screen phrase,See the call,कॉल देखें,Look at the call,,
417,Screen phrase,speaking to the patient,मरीज़ से बात,Talk to the patient,,
418,Screen phrase,"A person must call, not the agent","एजेंट नहीं, किसी व्यक्ति को कॉल करना है","Call a person, not an agent.",,
419,Screen phrase,Danger signs from,ख़तरे के संकेत इनसे,Signs of danger,,
420,Screen phrase,No danger sign reported,ख़तरे का कोई संकेत नहीं बताया,No signs of danger were reported.,,
421,Screen phrase,Said they can come this week.,कहा कि इस हफ़्ते आ सकते हैं।,He said he might come this week.,,
422,Screen phrase,Follow-up not found,फ़ॉलो-अप नहीं मिला,No follow-up found,,
423,Screen phrase,Given by {name} ({rel}),{name} ({rel}) ने दी,{name} ({rel}) gave,,
424,Screen phrase,Talking in incomplete sentences,अधूरे वाक्यों में बोल पाना,Being able to speak in incomplete sentences,,
425,Screen phrase,History of syncope (fainting),बेहोश होने का इतिहास,History of fainting,,
426,Screen phrase,Needle-prick injury,सुई चुभने की चोट,Needle sting injury,,
427,Screen phrase,Agitated or violent patient,उत्तेजित या हिंसक मरीज़,Aroused or violent patient,,
428,Screen phrase,Acute general weakness,अचानक सामान्य कमज़ोरी,Sudden general weakness,,
429,Screen phrase,Other trauma or burns,अन्य चोट या जलने की चोट,Other injuries or burns,,
430,Screen phrase,High-risk vital sign — SpO₂ below 92%,उच्च-जोखिम वाइटल साइन — SpO₂ 92% से कम,High-risk Vital Sign-SPO2 less than 92%,,
431,Screen phrase,"High-risk trauma — fall from height, road crash mechanism, penetrating or crush injury","उच्च-जोखिम चोट — ऊँचाई से गिरना, सड़क दुर्घटना, भेदने वाली या कुचलने वाली चोट","High-risk injury - fall from a height, road accident, penetrating or crushing injury",,
432,Screen phrase,Fast breathing — 50 or more per minute at 2–12 months,तेज़ साँस — 2–12 महीने की उम्र में 50 या अधिक प्रति मिनट,Rapid breathing - 50 or more per minute at 2-12 month of age,,
433,Screen phrase,Chest indrawing (pneumonia),छाती धँसना (निमोनिया),Chest cramping (pneumonia),,
434,Screen phrase,Any trauma in pregnancy,गर्भावस्था में कोई भी चोट,Any injuries during pregnancy.,,
435,Screen phrase,"Value read as ""{a}"" — taken as {b}; check the slip","मान ""{a}"" पढ़ा गया — {b} माना गया; पर्ची जाँचें","Value ""{a}"" read - {b} assumed; check slip",,
436,Screen phrase,No recognised lab values — the reviewer should read the document directly,कोई पहचाना हुआ लैब मान नहीं — समीक्षक दस्तावेज़ सीधे पढ़ें,No identified lab value - read the reviewer document directly,,
437,Screen phrase,No report date found — confirm when the test was done,रिपोर्ट की कोई तारीख़ नहीं मिली — पुष्टि करें कि जाँच कब हुई,No date found for the report - confirm when the investigation took place,,
438,Screen phrase,Haemoglobin {h} g/dL and PCV {p} % do not fit together (they give an MCHC of {e}; possible is about 22–40) — one of the two is misread,हीमोग्लोबिन {h} g/dL और PCV {p} % आपस में मेल नहीं खाते (इनसे MCHC {e} आता है; संभव लगभग 22–40 है) — दोनों में से एक गलत पढ़ा गया है,Hemoglobin {h} g / dL and PCV {p}% do not match (these give MCHC {e}; possible 22-40) - one of the two is misread.,,
439,Screen phrase,Enter the helper's name and relationship,सहायक का नाम और रिश्ता लिखें,Write the name and relationship of the assistant.,,
440,Screen phrase,Find the patient or register a new person,मरीज़ को खोजें या नए व्यक्ति का पंजीकरण करें,Find a patient or register a new one.,,
441,Screen phrase,Shared household phone,घर का साझा फ़ोन,A shared home phone,,
442,Screen phrase,Was due {when},समय-सीमा {when} थी,The time limit was {when},,
443,Screen phrase,Confirm care received,देखभाल मिलने की पुष्टि करें,Confirm receipt of care,,
444,Screen phrase,"Advice for the patient (English, optional)","मरीज़ के लिए सलाह (अंग्रेज़ी, वैकल्पिक)","Patient Advice (English, optional)",,
445,Screen phrase,About the models,मॉडलों के बारे में,In regards to the models,,
446,Screen phrase,Not scored; listened to by the team. About half a second of computing per second of speech on a laptop.,अंक नहीं दिए गए; टीम ने सुनकर जाँचा। लैपटॉप पर हर सेकंड बोली के लिए लगभग आधा सेकंड गणना।,Points were not awarded; the team listened and checked. About half a second count for every second bid on the laptop.,,
447,Screen phrase,Period is late — maybe,माहवारी देर से है — शायद,Menstruation is late - maybe.,,
448,Screen phrase,Blood in the spit,थूक में खून,Blood in the sputum,,
449,Screen phrase,Yes — all done,हाँ — सब लगे हैं,Yes - they all are.,,
450,Screen phrase,Yes — other medicines,हाँ — दूसरी दवाएं,Yes - Other Medications,,
451,Screen phrase,"High-risk trauma — fall from height, road crash mechanism, penetrating, crush, or injury in pregnancy","उच्च-जोखिम चोट — ऊँचाई से गिरना, सड़क दुर्घटना, भेदने वाली या कुचलने वाली चोट, या गर्भावस्था में चोट","High-risk injury - fall from a height, road accident, penetrating or crushing injury, or pregnancy injury",,
452,Screen phrase,The report marks this High; the typical range used here may differ from the lab's,रिपोर्ट इसे High बताती है; यहाँ इस्तेमाल सामान्य सीमा लैब की सीमा से अलग हो सकती है,The report calls it High; the normal range used here may be different from the range in the lab.,,
453,Screen phrase,The report marks this Low; the typical range used here may differ from the lab's,रिपोर्ट इसे Low बताती है; यहाँ इस्तेमाल सामान्य सीमा लैब की सीमा से अलग हो सकती है,The report calls it low; the normal range used here may be different from the range in the lab.,,
454,Screen phrase,Pregnant with BP ≥ 140/90 and urine protein 1+ or more on report (pre-eclampsia),"गर्भवती, BP ≥ 140/90 और रिपोर्ट में पेशाब में प्रोटीन 1+ या अधिक (प्री-एक्लेम्पसिया)","Pregnant, BP ≥ 140/90 and reported urinary protein 1 + or more (pre-eclampsia)",,
455,Screen phrase,Arithmetic check on the values printed in the report — check each against the image crop,रिपोर्ट में छपे मानों की गणना-जाँच — हर एक को छवि के हिस्से से मिलाएँ,Calculate the values printed in the report - check - match each one to the part of the image,,
456,Screen phrase,"Patients under 18 need consent from a parent or guardian. Choose Mother, Father or Guardian.","18 वर्ष से कम उम्र के मरीज़ों के लिए माता-पिता या अभिभावक की सहमति ज़रूरी है। माँ, पिता या अभिभावक चुनें।","Parental or guardian consent is required for patients under the age of 18. Choose a mother, father, or guardian.",,
457,Screen phrase,"About the models: what each one does, and what it never decides","मॉडलों के बारे में: हर एक क्या करता है, और क्या कभी तय नहीं करता","About Models: What Everyone Does, and What Never Decides",,
458,Screen phrase,Its opinion can raise attention but can never lower the urgency.,इसकी राय ध्यान बढ़ा सकती है पर तात्कालिकता कभी कम नहीं कर सकती।,"Its opinion can increase attention, but it can never diminish urgency.",,
459,Screen phrase,"Synthetic and public report images, held-out set (docs/EVALUATION.md).","कृत्रिम और सार्वजनिक रिपोर्ट चित्र, अलग रखा गया सेट (docs/EVALUATION.md)।","Synthetic and public report diagrams, set aside (docs / EVALUATION.md).",,
460,Screen phrase,"Answers are read by fixed rules, not by a model: the intake word lists in English, Hindi and Odia, and the English translation for other languages. A word like “less” or “a little” counts as not sure.","जवाब तय नियमों से पढ़े जाते हैं, मॉडल से नहीं: अंग्रेज़ी, हिन्दी और ओड़िया में इनटेक वाली शब्द-सूचियाँ, और दूसरी भाषाओं में अंग्रेज़ी अनुवाद। “कम” या “थोड़ा” जैसा शब्द “पता नहीं” माना जाता है।","Answers are read by set rules, not by model: word lists with intakes in English, Hindi, and Odia, and English translations into other languages. Words like ""less"" or ""little"" are considered ""not known.""",,
461,Screen phrase,e.g. Phoned her back; coming in today with her husband,जैसे: वापस फ़ोन किया; आज पति के साथ आ रही है,Like: Called back; coming with husband today.,,
462,Screen phrase,"Outside evaluation suggesting a time-sensitive emergency (ACS, dissection, stroke, sepsis, leukaemia, recent chemotherapy, potassium > 5.5)","बाहरी जाँच में समय-संवेदनशील आपात स्थिति का संकेत (ACS, डिसेक्शन, स्ट्रोक, सेप्सिस, ल्यूकेमिया, हाल की कीमोथेरेपी, पोटैशियम > 5.5)","Indications of a time-sensitive emergency in external examination (ACS, dissection, stroke, sepsis, leukemia, recent chemotherapy, potassium > 5.5)",,
463,Screen phrase,Stridor in a calm child (severe pneumonia or very severe disease),शांत बच्चे में स्ट्राइडर (गंभीर निमोनिया या बहुत गंभीर बीमारी),Strider in a quiet child (severe pneumonia or very severe disease),,
464,Screen phrase,Fast breathing — 60 or more per minute under 2 months,तेज़ साँस — 2 महीने से कम उम्र में 60 या अधिक प्रति मिनट,Rapid breathing - 60 or more per minute at less than 2 months of age,,
465,Screen phrase,Severe anaemia on report — Hb below 7.0 g/dL (pregnancy or child under 5),रिपोर्ट में गंभीर एनीमिया — Hb 7.0 g/dL से कम (गर्भावस्था या 5 वर्ष से कम बच्चा),Severe anemia in report - Hb less than 7. 0 g / dL (pregnancy or child under 5 years),,
466,Screen phrase,Coughing blood (screen for TB and other causes),खाँसी में खून (TB और अन्य कारणों की जाँच करें),Blood in the cough (check for TB and other causes),,
467,Screen phrase,Fever and too weak to get out of bed,बुखार और बिस्तर से उठ न पाने जितनी कमज़ोरी,Fever and inability to get out of bed,,
468,Screen phrase,Translation may be wrong — check with the patient,अनुवाद गलत हो सकता है — मरीज़ से पुष्टि करें,The translation may be incorrect - confirm with the patient.,,
469,Screen phrase,Local facility rule (not from a published protocol),स्थानीय केंद्र का नियम (किसी प्रकाशित प्रोटोकॉल से नहीं),Local Centre Rule (not by any published protocol),,
470,Screen phrase,{v} is outside the possible range for {t} — likely a misread,"{v}, {t} की संभव सीमा से बाहर है — शायद गलत पढ़ा गया",{v} is outside the possible range of {t} - probably misread,,
471,Screen phrase,Second OCR engine read {v} — check the crop,दूसरे OCR इंजन ने {v} पढ़ा — छवि का हिस्सा जाँचें,The other OCR engine read {v} - check part of the image,,
472,Screen phrase,{a}. With the second OCR engine's reading of {t} ({v}) it adds up,{a}। दूसरे OCR इंजन की {t} की रीडिंग ({v}) से हिसाब सही बैठता है,{a} | The second OCR engine's reading of {t} ({v}) makes the calculation correct.,,
473,Screen phrase,Another date moves to the next clinic day.,कोई और तारीख़ अगले क्लिनिक दिन पर चली जाती है।,Any other date goes to the next clinic day.,,
474,Screen phrase,"This facility is set to online only: with no network, the kiosk asks staff to use the paper form. A supervisor can turn on offline-first kiosks in Facility setup.",यह केंद्र केवल ऑनलाइन पर सेट है: नेटवर्क न होने पर कियोस्क स्टाफ़ से काग़ज़ी फ़ॉर्म भरने को कहता है। सुपरवाइज़र फ़ैसिलिटी सेटअप में ऑफ़लाइन कियोस्क चालू कर सकते हैं।,"The center is set up online only: in the absence of a network, the kiosk asks staff to fill out a paper form. Supervisors can turn on the offline kiosk in the facility setup.",,
475,Screen phrase,High: the kiosk asks only the safety questions,ज़्यादा: कियोस्क केवल सुरक्षा वाले सवाल पूछता है,MORE: The kiosk only asks security questions,,
476,Screen phrase,Machine translated — please read it out to the patient.,मशीन अनुवाद — कृपया मरीज़ को पढ़कर सुनाएँ।,Machine translation - please read to the patient.,,
477,Screen phrase,Reads kiosk questions aloud where the device has no voice for the language (Windows has none for Odia).,"जहाँ डिवाइस में भाषा की आवाज़ नहीं है, वहाँ कियोस्क के प्रश्न पढ़कर सुनाता है (Windows में ओड़िया आवाज़ नहीं है)।","Where the device does not have a language voice, it reads out the kiosk's questions (Windows does not have an Odia voice).",,
478,Screen phrase,Does the fever come with shivering or chills?,क्या बुखार के साथ कंपकंपी या ठंड लगती है?,Does the fever be accompanied by shivering or chills?,,
479,Screen phrase,Read from a photo and matched to the Jan Aushadhi generic list or a list of Indian brands — confirm each one against the strip or prescription,फ़ोटो से पढ़ा और जन औषधि जेनेरिक सूची या भारतीय ब्रांड सूची से मिलाया — हर एक को पत्ते या पर्चे से मिलाकर पक्का करें,Read from the photo and match it to the Jan Aushadhi generic list or the Indian brand list - make sure to mix each one with a leaf or a prescription.,,
480,Screen phrase,"Any reviewer can raise a case's urgency; only a doctor can lower it, with a written reason. The rules' own output is kept on every case.",कोई भी समीक्षक मामले की तात्कालिकता बढ़ा सकता है; इसे केवल डॉक्टर लिखित कारण के साथ घटा सकते हैं। हर मामले पर नियमों का अपना परिणाम सुरक्षित रहता है।,Any reviewer can increase the urgency of the case; it can only be reduced by the doctor with a written reason. The rules have their own result safe on each case.,,
481,Screen phrase,"BP ≥ 140/90 with headache, visual disturbance or upper abdominal pain (possible pre-eclampsia)","BP ≥ 140/90, साथ में सिरदर्द, दृष्टि में गड़बड़ी या पेट के ऊपरी हिस्से में दर्द (संभावित प्री-एक्लेम्पसिया)","BP ≥ 140/90, accompanied by headache, vision disturbances, or upper abdominal pain (possible pre-eclampsia)",,
482,Screen phrase,Never the only engine for a decision; its readings are marked for checking.,किसी निर्णय के लिए कभी अकेला इंजन नहीं; इसके पढ़े मान जाँच के लिए चिह्नित होते हैं।,Never a stand-alone engine for a decision; its read values are marked for checking.,,
483,Screen phrase,Every maternal and chronic check-up at this facility. A check-up becomes missed one day after its due date.,इस केंद्र की हर गर्भावस्था और लंबी बीमारी की जाँच। तय तारीख़ के एक दिन बाद जाँच छूटी मानी जाती है।,Every pregnancy and chronic disease check-up at this centre is considered to be missed one day after the due date.,,
484,Screen phrase,"Chest pain spreading to arm, jaw or back, or with sweating (features of acute coronary syndrome) — whatever the onset","छाती का दर्द जो बाँह, जबड़े या पीठ तक फैले, या पसीने के साथ (एक्यूट कोरोनरी सिंड्रोम के लक्षण) — शुरुआत चाहे जब हुई हो","Chest pain that extends to the arm, jaw, or back, or accompanied by sweating (symptoms of acute coronary syndrome) - regardless of when the onset occurred",,
485,Screen phrase,Check-ups appear here when a pregnancy or chronic visit sets the next check-up date.,"जब गर्भावस्था या लंबी बीमारी की मुलाक़ात में अगली जाँच की तारीख़ रखी जाती है, तब जाँच यहाँ दिखती है।",Check-ups appear here when the date of the next check-up is set in the event of pregnancy or a long illness.,,
486,Screen phrase,Came for the check-up,जाँच के लिए आए,came in for a check-up.,,
487,Screen phrase,"Routine follow-up: the agent may call, and any danger sign hands the call to a person","सामान्य फ़ॉलो-अप: एजेंट कॉल कर सकता है, और ख़तरे का कोई भी संकेत कॉल को व्यक्ति को सौंप देता है","Normal follow-up: The agent can make the call, and hand over the call to the person with any sign of danger.",,
488,Screen phrase,The agent may call,एजेंट कॉल कर सकता है,The agent can make a call.,,
489,Screen phrase,What the agent may do,एजेंट क्या कर सकता है,What the agent can do.,,
490,Screen phrase,The questions were not finished. Try again or visit.,प्रश्न पूरे नहीं हुए। फिर कोशिश करें या घर जाएँ।,The questions were not completed. Try again or go home.,,
491,Screen phrase,What was done (required),क्या किया गया (ज़रूरी),What was done (essential),,
492,Screen phrase,"Raised by fixed rules, not by a model: too many RED cases for the doctors on duty, a fever cluster from one place, a missed check-up, or a danger sign on a reminder call.","तय नियमों से, मॉडल से नहीं: ड्यूटी पर डॉक्टरों के मुक़ाबले बहुत ज़्यादा लाल केस, एक जगह से बुखार का समूह, छूटी जाँच, या रिमाइंडर कॉल पर ख़तरे का संकेत।","By the set rules, not the model: Too many red cases compared to doctors on duty, a fever cluster from one location, missed checkups, or a warning sign on a reminder call.",,
493,Screen phrase,Ring the demo phone {n},डेमो फ़ोन {n} पर कॉल करें,Call the demo phone {n},,
494,Screen phrase,Also texted to the demo phone {n} (standing in for the medical officer and the health worker).,डेमो फ़ोन {n} पर SMS भी भेजा गया (चिकित्सा अधिकारी और स्वास्थ्य कर्मी की जगह)।,An SMS was also sent to the demo phone {n} (instead of the medical officer and health worker).,,
495,Screen phrase,Angioedema involving the face,चेहरे पर एंजियोएडिमा (सूजन),Angioedema (swelling) on the face,,
496,Screen phrase,Suspected stroke presenting within 24 h,"संदिग्ध स्ट्रोक, 24 घंटे के भीतर","Suspected stroke, within 24 hours.",,
497,Screen phrase,Severe pain anywhere in the body (self-rated 7/10 or more),शरीर में कहीं भी तेज़ दर्द (स्वयं बताया 7/10 या अधिक),Acute pain anywhere in the body (self-reported 7/10 or more),,
498,Screen phrase,Any burn at age under 2,2 वर्ष से कम उम्र में जलने की कोई भी चोट,Any burn injury at less than 2 years of age,,
499,Screen phrase,"Restless, continuously irritable or lethargic","बेचैन, लगातार चिड़चिड़ा या सुस्त","restless, constantly irritable, or lethargic",,
500,Screen phrase,Fever with stiff neck (very severe febrile disease),गर्दन में अकड़न के साथ बुखार (बहुत गंभीर ज्वर रोग),Fever with stiffness in the neck (very severe febrile illness),,
501,Screen phrase,Diarrhoea for 14 days or more,14 दिन या अधिक से दस्त,Diarrhea for 14 days or more,,
502,Screen phrase,Convulsions or altered consciousness in pregnancy,गर्भावस्था में दौरे या बदली हुई चेतना,Seizures or altered consciousness in pregnancy,,
503,Screen phrase,Severe abdominal pain in pregnancy,गर्भावस्था में पेट में तेज़ दर्द,Abdominal pain during pregnancy,,
504,Screen phrase,Fast or difficult breathing in pregnancy,गर्भावस्था में तेज़ या कठिन साँस,Rapid or difficult breathing during pregnancy.,,
505,Screen phrase,Spirometry (FEV1) not recorded for a dust-exposed worker,धूल के संपर्क वाले कर्मचारी की स्पाइरोमेट्री (FEV1) दर्ज नहीं,Spirometry (FEV1) of the employee exposed to dust not recorded,,
506,Screen phrase,{n} RED rule(s) could not be ruled out: {ids} — {src},{n} RED नियम खारिज नहीं किए जा सके: {ids} — {src},The {n} RED rule could not be rejected: {ids} - {src},,
507,Screen phrase,"The report marks this High, but {v} is inside the printed range {r} — the value, the range or the mark is misread","रिपोर्ट इसे High बताती है, पर {v} छपी सीमा {r} के भीतर है — मान, सीमा या निशान गलत पढ़ा गया है","The report calls it High, but {v} is within the printed range {r} - the value, range, or mark is misread.",,
508,Screen phrase,"The report marks this Low, but {v} is inside the printed range {r} — the value, the range or the mark is misread","रिपोर्ट इसे Low बताती है, पर {v} छपी सीमा {r} के भीतर है — मान, सीमा या निशान गलत पढ़ा गया है","The report returns Low, but {v} is within the printed range {r} - the value, range, or mark is misread.",,
509,Screen phrase,This case is already RED. Only a doctor can lower it; use Escalate to call one.,यह मामला पहले से RED है। इसे केवल डॉक्टर घटा सकते हैं; डॉक्टर को बुलाने के लिए एस्केलेट करें।,This case is already RED. This can only be subtracted by the doctor; escalate to call the doctor.,,
510,Screen phrase,No rules fired in this period,इस अवधि में कोई नियम लागू नहीं हुआ,No rules were applied during this period.,,
511,Screen phrase,A written reason of at least 15 characters is required to lower the urgency,तात्कालिकता घटाने के लिए कम से कम 15 अक्षरों का लिखित कारण ज़रूरी है,A written reason of at least 15 characters is required to reduce urgency.,,
512,Screen phrase,Enter the patient's name,मरीज़ का नाम लिखें,Write the patient's name.,,
513,Screen phrase,Choose the visit type,आने का प्रकार चुनें,Choose the type of arrival,,
514,Screen phrase,and days of the month,और महीने की तारीख़ें,and the dates of the month,,
515,Screen phrase,speech not yet measured,बोली अभी मापी नहीं गई,The bid has not yet been measured,,
516,Screen phrase,Kiosk and intake translated; staff screens show English.,कियोस्क और इनटेक अनूदित; स्टाफ़ स्क्रीन अंग्रेज़ी में।,Kiosk and Intake Translated; Staff Screen in English.,,
517,Screen phrase,"Only as good as its rules. Unknown vitals are never treated as normal, so many cases stay YELLOW until measured.","यह अपने नियमों जितना ही अच्छा है। अज्ञात जीवन-संकेत कभी सामान्य नहीं माने जाते, इसलिए कई मामले मापे जाने तक पीले रहते हैं।","It is as good as its rules. Unknown life-signs are never considered normal, so many cases remain yellow until measured.",,
518,Screen phrase,"Medical words can be mistranslated. Every translated history carries an MT-CHECK flag, with the patient's own words shown alongside.","चिकित्सा शब्दों का गलत अनुवाद हो सकता है। हर अनूदित इतिहास पर MT-CHECK संकेत होता है, साथ में मरीज़ के अपने शब्द दिखते हैं।","Medical terms can be mistranslated. Every translated history has an MT-CHECK indication, along with the patient's own words.",,
519,Screen phrase,"Every engine Jeevia uses: what it does, where it runs, what leaves the device, how it was measured and what it is never allowed to decide. The urgency always comes from fixed rules, and a qualified health worker reviews every case.","Jeevia का हर इंजन: क्या करता है, कहाँ चलता है, डिवाइस से क्या बाहर जाता है, कैसे मापा गया और क्या कभी तय नहीं कर सकता। तात्कालिकता हमेशा तय नियमों से आती है, और हर मामला योग्य स्वास्थ्य कर्मी देखते हैं।","Every engine in Jeevia: what it does, where it runs, what goes out of the device, how it is measured, and what it can never decide. Urgency always comes from set rules, and every case is looked at by qualified health workers.",,
520,Screen phrase,"Pregnant with heavy bleeding, severe abdominal pain, seizures or altered mental status, severe headache, visual changes, SBP ≥160 or DBP ≥110, active labour or trauma","गर्भवती, साथ में भारी रक्तस्राव, पेट में तेज़ दर्द, दौरे या बदली हुई मानसिक स्थिति, तेज़ सिरदर्द, दृष्टि में बदलाव, SBP ≥160 या DBP ≥110, सक्रिय प्रसव पीड़ा या चोट","Pregnant, accompanied by heavy bleeding, severe abdominal pain, seizures or altered mental status, rapid headaches, vision changes, SBP ≥ 160 or DBP ≥ 110, active labor pains or injury",,
521,Screen phrase,"The report marks other results High or Low but not this one, though {v} is outside {r} — the value or the range may be misread","रिपोर्ट दूसरे परिणामों को High या Low बताती है पर इसे नहीं, जबकि {v}, {r} से बाहर है — मान या सीमा गलत पढ़ी गई हो सकती है","The report returns the other results as High or Low but not this, while {v} is out of {r} - the value or range may have been misread.",,
522,Screen phrase,"No network, and this facility does not queue intakes on the device. Use the paper form and enter it when the connection is back.","नेटवर्क नहीं है, और यह केंद्र डिवाइस पर इनटेक जमा नहीं करता। काग़ज़ी फ़ॉर्म भरें और कनेक्शन लौटने पर दर्ज करें।","There is no network, and this center does not store intakes on the device. Fill out the paper form and enter when the connection returns.",,
523,Screen phrase,Nothing about health was said. The follow-up stays open.,स्वास्थ्य के बारे में कुछ नहीं कहा गया। फ़ॉलो-अप खुला है।,Nothing was said about health. Follow-up is open.,,
524,Screen phrase,Fall from height — high-risk chief complaint (odds ratio 3.88),ऊँचाई से गिरना — उच्च-जोखिम मुख्य शिकायत (ऑड्स रेशियो 3.88),Falling from a height - high-risk main complaint (odds ratio 3.88),,
525,Screen phrase,Dust exposure with cough or breathlessness for more than 8 weeks,धूल के संपर्क के साथ 8 सप्ताह से अधिक खाँसी या साँस फूलना,Coughing or shortness of breath for more than 8 weeks with dust exposure,,
526,Screen phrase,Machine-translated history — check against the patient's own words,मशीन से अनुवादित इतिहास — मरीज़ के अपने शब्दों से मिलाएँ,Machine-translated history - match the patient's own words,,
527,Screen phrase,The WBC differential adds up to {s} % (should be 100 %) — one of these is misread,WBC डिफरेंशियल का जोड़ {s} % है (100 % होना चाहिए) — इनमें से एक गलत पढ़ा गया है,The sum of the WBC differentials is {s}% (should be 100%) - one of these is misread.,,
528,Screen phrase,"It is not an AI model, and it does not diagnose. A clinician reviews every case.","यह AI मॉडल नहीं है, और यह निदान नहीं करता। हर मामला एक चिकित्सक देखते हैं।","This is not an AI model, and it does not diagnose. Every case is seen by a physician.",,
529,Screen phrase,A value read from a photo is never trusted over a value measured today.,फ़ोटो से पढ़ा गया मान आज मापे गए मान से ऊपर कभी नहीं माना जाता।,The value read from the photo is never considered above the value measured today.,,
530,Screen phrase,Odia FLEURS second hearing and handwriting sets (docs/EVALUATION.md).,ओड़िया FLEURS दूसरी बार सुनना और हस्तलेख सेट (docs/EVALUATION.md)।,Odia FLEURS Second Listening and Handwriting Set (docs / EVALUATION.md).,,
531,Screen phrase,"Used only when configured. When it is used, its name is shown on the translation.",केवल सेट होने पर उपयोग। उपयोग होने पर अनुवाद पर इसका नाम दिखता है।,Use only when set. Its name appears on the translation when used.,,
532,Screen phrase,Ask the patient which is right.,मरीज़ से पूछें कि कौन-सा सही है।,Ask the patient which one is correct.,,
533,Screen phrase,"A person calls, reading the script",व्यक्ति स्क्रिप्ट पढ़कर कॉल करता है,The person makes the call by reading the script.,,
534,Screen phrase,"This device has no {l} voice, so the line is shown but not spoken.","इस डिवाइस पर {l} आवाज़ नहीं है, इसलिए पंक्ति दिखाई गई है पर बोली नहीं गई।","There is no {l} sound on this device, so the line is shown but not spoken.",,
535,Screen phrase,Shock index (pulse ÷ systolic BP) above 1,शॉक इंडेक्स (नाड़ी ÷ सिस्टोलिक BP) 1 से अधिक,Shock index (pulse ÷ systolic BP) greater than 1,,
536,Screen phrase,"Any two of — fever or hypothermia, headache, altered mental status, stiff neck","इनमें से कोई दो — बुखार या शरीर का बहुत ठंडा होना, सिरदर्द, बदली हुई मानसिक स्थिति, गर्दन में अकड़न","Any two of these - fever or extreme body chills, headache, altered mental status, stiffness in the neck",,
537,Screen phrase,"Swelling or mass of mouth, throat or neck","मुँह, गले या गर्दन में सूजन या गाँठ","Swelling or lump in the mouth, throat, or neck",,
538,Screen phrase,High-risk vital sign — temperature < 36 °C or > 39 °C,उच्च-जोखिम वाइटल साइन — तापमान < 36 °C या > 39 °C,High-risk vital sine-temperature < 36 ° C or > 39 ° C,,
539,Screen phrase,Any infant under 8 days old,8 दिन से कम उम्र का कोई भी शिशु,Any infant under 8 days of age,,
540,Screen phrase,Age under 2 months with temperature < 36 °C or > 39 °C,"2 महीने से कम उम्र, तापमान < 36 °C या > 39 °C","Under 2 months of age, temperature < 36 ° C or > 39 ° C",,
541,Screen phrase,Any infant 8 days to 6 months old,8 दिन से 6 महीने तक का कोई भी शिशु,Any infant from 8 days to 6 months,,
542,Screen phrase,Severe headache with blurred vision,धुंधली दृष्टि के साथ तेज़ सिरदर्द,A sharp headache with blurred vision,,
543,Screen phrase,"Printed in {u}: {a} is {b}, the unit the rules use","{u} में छपा: {a} = {b}, जिस इकाई में नियम चलते हैं","Printed in {u}: {a} = {b}, the unit in which the rules run",,
544,Screen phrase,The printed range {r} does not look like a {t} range in {u} — the range or the unit may be misread; compared with a typical adult range instead,"छपी सीमा {r}, {u} में {t} की सीमा जैसी नहीं लगती — सीमा या इकाई गलत पढ़ी गई हो सकती है; इसके बजाय सामान्य वयस्क सीमा से तुलना की गई",The printed limit {r} does not look like the limit {t} in {u} - the limit or unit may have been misread; compared to the normal adult limit instead.,,
545,Screen phrase,Report date {d} is in the future — check the date,रिपोर्ट की तारीख़ {d} भविष्य की है — तारीख़ जाँचें,Report date {d} is future - check date,,
546,Screen phrase,"Enter both BP numbers, or leave both blank","BP की दोनों संख्याएँ लिखें, या दोनों खाली छोड़ें","Write down both BP numbers, or leave both blank.",,
547,Screen phrase,QR code for the shared record,साझा रिकॉर्ड का QR कोड,The QR code of the shared record,,
548,Screen phrase,Are you allergic to any medicine?,क्या आपको किसी दवा से एलर्जी है?,Are you allergic to any of these medications?,,
549,Screen phrase,"It was less urgent than the rules on four RED cases. Its text is used only when it passes fact checks, otherwise the reviewer sees a template.","चार लाल मामलों में यह नियमों से कम गंभीर रहा। इसका पाठ तभी उपयोग होता है जब तथ्य-जाँच पास करे, वरना समीक्षक को तय ढाँचा दिखता है।","In the four red cases, it was less severe than the rules. Its text is only used if the fact-check passes, otherwise the reviewer sees the framework.",,
550,Screen phrase,"On the phone: the patient answers on the keypad (1 yes, 2 no, 3 not sure). The last question is recorded.","फ़ोन पर: मरीज़ कीपैड से जवाब देती/देता है (1 हाँ, 2 ना, 3 पता नहीं)। आख़िरी प्रश्न का जवाब रिकॉर्ड होता है।","On the phone: The patient responds with a keypad (1 yes, 2 no, 3 not known). The answer to the last question is recorded.",,
551,Screen phrase,Shortness of breath — high-risk chief complaint (odds ratio 43.7 for death or ICU in 72 h),साँस फूलना — उच्च-जोखिम मुख्य शिकायत (72 घंटे में मृत्यु या ICU का ऑड्स रेशियो 43.7),Shortness of breath - high-risk main complaint (odds ratio of death or ICU in 72 hours 43. 7),,
552,Screen phrase,Only a doctor or medical officer can lower the urgency; you can raise it or escalate,तात्कालिकता केवल डॉक्टर या चिकित्सा अधिकारी घटा सकते हैं; आप इसे बढ़ा सकते हैं या एस्केलेट कर सकते हैं,The urgency can only be reduced by the doctor or medical officer; you can increase or escalate it.,,
553,Screen phrase,"A second, offline hearing of the same recording. A disagreement is shown to the patient and the reviewer.","उसी रिकॉर्डिंग को दूसरी बार, ऑफ़लाइन सुनना। असहमति मरीज़ और समीक्षक को दिखाई जाती है।","Listening to the same recording a second time, offline. Disagreements are shown to the patient and reviewer.",,
554,Screen phrase,"Online second hearing, a voice for languages with no offline voice, and handwriting reading.","ऑनलाइन दूसरी बार सुनना, जिन भाषाओं की ऑफ़लाइन आवाज़ नहीं उनके लिए आवाज़, और हस्तलेख पढ़ना।","Listening for a second time online, listening for languages that don't have an offline voice, and reading handwriting.",,
555,Screen phrase,Read online from handwriting by Sarvam Vision,हाथ की लिखावट Sarvam Vision ने ऑनलाइन पढ़ी,The handwriting was read online by Sarvam Vision.,,
556,Screen phrase,Read by both offline and online engines,ऑफ़लाइन और ऑनलाइन दोनों ने पढ़ा,Read both offline and online.,,
557,Screen phrase,someone else — nothing about health is said,कोई और — स्वास्थ्य के बारे में कुछ नहीं कहा जाता,Nothing else - nothing about health is said.,,
558,Screen phrase,"Danger sign — call ended, a person paged","ख़तरे का संकेत — कॉल ख़त्म, व्यक्ति को सूचना दी गई","Sign of danger - call ended, person notified",,
559,Screen phrase,Reminder SMS sent to the demo phone {n},रिमाइंडर SMS डेमो फ़ोन {n} पर भेजा गया,Reminder SMS demo sent to phone {n},,
560,Screen phrase,"Acute chest or abdominal pain, age over 50",50 वर्ष से अधिक उम्र में अचानक छाती या पेट में दर्द,Sudden chest or abdominal pain over the age of 50,,
561,Screen phrase,High-risk vital sign — respiratory rate < 10 or > 30,उच्च-जोखिम वाइटल साइन — श्वसन दर < 10 या > 30,High-risk vital sine-respiratory rate < 10 or > 30,,
562,Screen phrase,High-risk respiratory rate for age 1–4 — ≥ 40 or < 20,1–4 वर्ष की उम्र के लिए उच्च-जोखिम श्वसन दर — ≥ 40 या < 20,High-risk respiratory rate for ages 1 - 4 years - ≥ 40 or < 20,,
563,Screen phrase,Jeevia safety policy — unknown is never normal,Jeevia सुरक्षा नीति — अज्ञात कभी सामान्य नहीं माना जाता,Jeevia Security Policy - Unknown is never considered normal,,
564,Screen phrase,No unit read — {u} assumed; check the slip,कोई इकाई नहीं पढ़ी गई — {u} मानी गई; पर्ची जाँचें,No unit read - {u} assumed; check slip,,
565,Screen phrase,"The report marks this High, but {v} is below the printed range {r} — the value, the range or the mark is misread","रिपोर्ट इसे High बताती है, पर {v} छपी सीमा {r} से नीचे है — मान, सीमा या निशान गलत पढ़ा गया है","The report calls it High, but {v} is below the printed range {r} - the value, range, or mark is misread.",,
566,Screen phrase,"The report marks this Low, but {v} is above the printed range {r} — the value, the range or the mark is misread","रिपोर्ट इसे Low बताती है, पर {v} छपी सीमा {r} से ऊपर है — मान, सीमा या निशान गलत पढ़ा गया है","The report says it is low, but {v} is above the printed range {r} - the value, range, or mark is misread.",,
567,Screen phrase,Confirm or re-record the voice note first,पहले आवाज़ वाला नोट पक्का करें या फिर से रिकॉर्ड करें,Confirm or re-record the first sounding note,,
568,Screen phrase,"Speech to text in 22 Indian languages, at the kiosk.",कियोस्क पर 22 भारतीय भाषाओं में बोली से लिखित पाठ।,Spoken text in 22 Indian languages at the kiosk.,,
569,Screen phrase,Its words are read back to the patient and never set the urgency alone.,इसके शब्द मरीज़ को पढ़कर सुनाए जाते हैं और अकेले कभी तात्कालिकता तय नहीं करते।,Its words are read to the patient and alone never determine urgency.,,
570,Screen phrase,Not yet measured: no access key so far.,अभी मापा नहीं गया: अभी तक एक्सेस कुंजी नहीं।,Not yet measured: No access key yet.,,
571,Screen phrase,You get a reference number. Show it at the desk when you arrive; your place in the queue starts then.,आपको एक संदर्भ नंबर मिलेगा। पहुँचने पर इसे काउंटर पर दिखाएँ; कतार में आपकी जगह तभी से गिनी जाएगी।,You'll get a reference number. Show it on the counter when you arrive; your place in the queue will count from then on.,,
572,Screen phrase,"Type what the patient said, in any language","मरीज़ ने जो कहा, किसी भी भाषा में लिखें",Write down what the patient said in any language.,,
573,Screen phrase,"Active bleeding — nose, gums, vomiting blood or other","चल रहा रक्तस्राव — नाक, मसूड़े, खून की उल्टी या अन्य","Ongoing bleeding - nose, gums, vomiting blood, or other",,
574,Screen phrase,"Visible limb deformity, open fracture or suspected dislocation","अंग में दिखने वाली विकृति, खुला फ्रैक्चर या संदिग्ध जोड़ खिसकना","Visible limb deformity, open fracture, or suspicious joint dislocation",,
575,Screen phrase,High-risk respiratory rate for age under 1 — ≥ 50 or < 25,1 वर्ष से कम उम्र के लिए उच्च-जोखिम श्वसन दर — ≥ 50 या < 25,High-risk respiratory rate for under 1 year - ≥ 50 or < 25,,
576,Screen phrase,High-risk heart rate for age 1–4 — ≥ 160 or < 80,1–4 वर्ष की उम्र के लिए उच्च-जोखिम हृदय गति — ≥ 160 या < 80,High-risk heart rate for ages 1 - 4 years - ≥ 160 or < 80,,
577,Screen phrase,Fast breathing — 40 or more per minute at 12 months to 5 years,तेज़ साँस — 12 महीने से 5 वर्ष की उम्र में 40 या अधिक प्रति मिनट,Rapid breathing - 40 or more per minute at 12 months to 5 years of age,,
578,Screen phrase,Hypertension in pregnancy — BP ≥ 140/90 mmHg (needs review within 24 h),गर्भावस्था में उच्च रक्तचाप — BP ≥ 140/90 mmHg (24 घंटे के भीतर समीक्षा ज़रूरी),Hypertension in pregnancy - BP ≥ 140/90 mmHg (review required within 24 hours),,
579,Screen phrase,Patient seen here? Your name and role,मरीज़ को यहाँ देखा गया? अपना नाम और पद,The patient was seen here? Your name and position,,
580,Screen phrase,Vomiting blood — high-risk chief complaint (odds ratio 3.88),खून की उल्टी — उच्च-जोखिम मुख्य शिकायत (ऑड्स रेशियो 3.88),Vomiting of blood - high-risk main complaint (odds ratio 3.88),,
581,Screen phrase,Chest pain — high-risk chief complaint (odds ratio 1.78),छाती में दर्द — उच्च-जोखिम मुख्य शिकायत (ऑड्स रेशियो 1.78),Chest pain - high-risk main complaint (odds ratio 1.78),,
582,Screen phrase,High-risk heart rate for age under 1 — ≥ 180 or < 90,1 वर्ष से कम उम्र के लिए उच्च-जोखिम हृदय गति — ≥ 180 या < 90,High-risk heart rate for under 1 year - ≥ 180 or < 90,,
583,Screen phrase,"MCHC is {m} g/dL, but haemoglobin {h} ÷ PCV {p} % = {e} — one of the three is misread","MCHC {m} g/dL है, पर हीमोग्लोबिन {h} ÷ PCV {p} % = {e} — तीनों में से एक गलत पढ़ा गया है","MCHC {m} is g / dL, but hemoglobin {h} ÷ PCV {p}% = {e} - one of the three is misread.",,
584,Screen phrase,"MCH is {m} pg, but haemoglobin {h} ÷ RBC {r} × 10 = {e} — one of the three is misread","MCH {m} pg है, पर हीमोग्लोबिन {h} ÷ RBC {r} × 10 = {e} — तीनों में से एक गलत पढ़ा गया है","MCH {m} is pg, but hemoglobin {h} ÷ RBC {r} × 10 = {e} - one of the three is misread.",,
585,Screen phrase,Part of the automatic processing failed — check the source directly,स्वचालित प्रोसेसिंग का एक हिस्सा विफल रहा — मूल स्रोत सीधे जाँचें,Part of the automated processing failed - check the original source directly.,,
586,Screen phrase,Altered mental status — high-risk chief complaint (odds ratio 6.2),बदली हुई मानसिक स्थिति — उच्च-जोखिम मुख्य शिकायत (ऑड्स रेशियो 6.2),Altered mental status - high-risk main complaint (odds ratio 6.2),,
587,Screen phrase,The second OCR engine could not read this row,दूसरा OCR इंजन यह पंक्ति नहीं पढ़ सका,The second OCR engine could not read this line.,,
588,Screen phrase,Albumin {a} g/dL is more than the total protein {p} — one of the two is misread,एल्ब्यूमिन {a} g/dL कुल प्रोटीन {p} से अधिक है — दोनों में से एक गलत पढ़ा गया है,The albumin {a} g / dL is greater than the total protein {p} - one of the two is misread.,,
589,Screen phrase,Direct bilirubin {d} mg/dL is more than the total {t} — one of the two is misread,डायरेक्ट बिलीरुबिन {d} mg/dL कुल {t} से अधिक है — दोनों में से एक गलत पढ़ा गया है,Direct bilirubin {d} mg / dL is greater than the total {t} - one of the two is misread.,,
590,Screen phrase,"Odia FLEURS, same 25 clips, compared with IndicConformer (docs/EVALUATION.md).","ओड़िया FLEURS, वही 25 क्लिप, IndicConformer से तुलना (docs/EVALUATION.md)।","Odia FLEURS, the same 25 clips, compared to IndicConformer (docs / EVALUATION.md).",,
591,Screen phrase,It only reads out text the app already shows on screen.,यह केवल वही पाठ पढ़ता है जो ऐप पहले से स्क्रीन पर दिखाता है।,It only reads the text that the app already shows on the screen.,,
592,Screen phrase,"The absolute counts add up to {s} /µL, but the total WBC is {w} — one of these is misread","एब्सोल्यूट काउंट का जोड़ {s} /µL है, पर कुल WBC {w} है — इनमें से एक गलत पढ़ा गया है","The sum of the absolute counts is {s} / μL, but the total is WBC {w} - one of these is misread.",,
593,Screen phrase,HDL {h} + LDL {l} is more than the total cholesterol {c} — one of the three is misread,HDL {h} + LDL {l} कुल कोलेस्ट्रॉल {c} से अधिक है — तीनों में से एक गलत पढ़ा गया है,HDL {h} + LDL {l} is greater than total cholesterol {c} - one of the three is misread.,,
594,Screen phrase,A translation is never the only record: the original words are always kept.,अनुवाद कभी अकेला रिकॉर्ड नहीं होता: मूल शब्द हमेशा रखे जाते हैं।,Translation is never a stand-alone record: the original words are always kept.,,
595,Screen phrase,Writes the readable summary paragraph and gives a second opinion on urgency.,पढ़ने योग्य सारांश अनुच्छेद लिखता है और तात्कालिकता पर दूसरी राय देता है।,Writes a readable summary paragraph and gives a second opinion on urgency.,,
596,Screen phrase,Read printed lab reports. Two engines read each report; a difference is flagged.,छपी लैब रिपोर्ट पढ़ते हैं। हर रिपोर्ट दो इंजन पढ़ते हैं; अंतर होने पर संकेत दिया जाता है।,Printed lab reports are read. Each report is read by two engines; the difference is indicated.,,
597,Screen phrase,Online translation when the offline translator cannot run on this server.,"जब इस सर्वर पर ऑफ़लाइन अनुवादक न चल सके, तब ऑनलाइन अनुवाद।",Online translation when an offline translator cannot run on this server.,,
598,Screen phrase,Same as the offline translator: the patient's own words are always kept.,ऑफ़लाइन अनुवादक की तरह: मरीज़ के अपने शब्द हमेशा रखे जाते हैं।,Like an offline translator: the patient's own words are always kept.,,
599,Screen phrase,Weakness of one side of the body — high-risk chief complaint (odds ratio 3.16),शरीर के एक तरफ़ कमज़ोरी — उच्च-जोखिम मुख्य शिकायत (ऑड्स रेशियो 3.16),Weakness on one side of the body - high-risk main complaint (odds ratio 3.16),,
600,Screen phrase,"Name on report (""{n}"") does not match the patient record — confirm it is the right person's report","रिपोर्ट पर नाम (""{n}"") मरीज़ के रिकॉर्ड से मेल नहीं खाता — पुष्टि करें कि यह सही व्यक्ति की रिपोर्ट है","The name on the report (""{n}"") does not match the patient's record - confirm that it is the correct person's report.",,
601,Screen phrase,Unknown is never normal: the medical officer and the assigned health worker have an alert.,अज्ञात कभी सामान्य नहीं: चिकित्सा अधिकारी और सौंपे गए स्वास्थ्य कर्मी को अलर्ट है।,The unknown is never normal: the medical officer and assigned health worker are on alert.,,
602,Screen phrase,Fill in,पहले से भरें,Pre-Fill in,,
603,Screen phrase,From home,घर से,From home,,
604,Screen phrase,Expected,अपेक्षित,Expected,,
605,Screen phrase,"H- number, name or patient ID","H- नंबर, नाम या मरीज़ आईडी","H-Number, Name, or Patient ID",,
606,Screen phrase,sent {t},{t} भेजा गया,{t} sent,,
607,Screen phrase,"Injury, burn or fall","चोट, जल जाना या गिरना","Injury, burn, or fall",,
608,Screen phrase,Contains,इसमें है,It contains,,
609,Screen phrase,Pregnancy,गर्भावस्था,Pregnancy,,
610,Screen phrase,call,कॉल,call,,
611,Screen phrase,Reminder call,रिमाइंडर कॉल,Reminder call,,
612,Screen phrase,Reminder call — {n},रिमाइंडर कॉल — {n},Reminder call - {n},,
613,Screen phrase,Agent call,एजेंट कॉल,Agent Call,,
614,Screen phrase,Start the call,कॉल शुरू करें,Start the call,,
615,Screen phrase,Language of the call,कॉल की भाषा,The language of the call,,
616,Screen phrase,Patient's language,मरीज़ की भाषा,The language of the patient,,
617,Screen phrase,Start agent call,एजेंट कॉल शुरू करें,Start Agent Call,,
618,Screen phrase,I will call and read the script,मैं कॉल करके स्क्रिप्ट पढ़ूँगा/पढ़ूँगी,I will call and read the script.,,
619,Screen phrase,yes,हाँ,Yes,,
620,Screen phrase,no,नहीं,No,,
621,Screen phrase,Speak,बोलें,Speak up,,
622,Screen phrase,No answer,जवाब नहीं,No answer,,
623,Screen phrase,Call cut off,कॉल कट गई,The call was cut off.,,
624,Screen phrase,"Voice: Sarvam Bulbul (online). It speaks the fixed line shown, nothing else.","आवाज़: Sarvam Bulbul (ऑनलाइन)। यह सिर्फ़ दिखाई गई तय पंक्ति बोलती है, और कुछ नहीं।","Voice: Sarvam Bulbul (online). It speaks only the fixed line shown, nothing else.",,
625,Screen phrase,Not read: no English translation,पढ़ा नहीं गया: अंग्रेज़ी अनुवाद नहीं मिला,Not read: English translation not found,,
626,Screen phrase,agent,एजेंट,Agent,,
627,Screen phrase,person,व्यक्ति,person,,
628,Screen phrase,Also said,यह भी कहा,He also said that,,
629,Screen phrase,Send,भेजें,Send,,
630,Screen phrase,Send SMS,SMS भेजें,Send SMS,,
631,Screen phrase,Ringing the demo phone {n}…,डेमो फ़ोन {n} पर घंटी जा रही है…,The demo phone is ringing on {n}...,,
632,Screen phrase,from home,घर से,From home,,
633,Screen phrase,Why here:,यहाँ क्यों:,Here's why:,,
634,Screen phrase,Hide the values within range,सीमा के भीतर वाले मान छिपाएँ,Hide values within the range,,
635,Screen phrase,Show {n} values within range,सीमा के भीतर वाले {n} मान दिखाएँ,Show the {n} values within the range,,
636,Screen phrase,{n} to check,{n} जाँचने हैं,{n} to check,,
637,Screen phrase,{n} expected from home,घर से {n} अपेक्षित,Expected {n} from home,,
638,Screen phrase,Consent,सहमति,Consent,,
639,Screen phrase,Since,कब से,Since when,,
640,Screen phrase,Files,फ़ाइलें,Files,,
641,Screen phrase,{n} y,{n} वर्ष,{n} year,,
642,Screen phrase,new,नया,New,,
643,Screen phrase,Respiratory rate > 22 or < 10 per minute,श्वसन दर > 22 या < 10 प्रति मिनट,Respiratory rate > 22 or < 10 per minute,,
644,Screen phrase,"Pulse < 50, or > 120 without fever","नाड़ी < 50, या बुखार के बिना > 120","Pulse < 50, or without fever > 120",,
645,Screen phrase,Systolic BP > 220 or diastolic BP > 110 mmHg,सिस्टोलिक BP > 220 या डायस्टोलिक BP > 110 mmHg,Systolic BP > 220 or diastolic BP > 110 mmHg,,
646,Screen phrase,Systolic BP < 90 or diastolic BP < 60 mmHg,सिस्टोलिक BP < 90 या डायस्टोलिक BP < 60 mmHg,Systolic BP < 90 or diastolic BP < 60 mmHg,,
647,Screen phrase,Allergic reaction,एलर्जी प्रतिक्रिया,Allergic reaction,,
648,Screen phrase,Sudden-onset abdominal pain,अचानक शुरू हुआ पेट दर्द,Sudden onset of abdominal pain,,
649,Screen phrase,Sudden headache,अचानक सिरदर्द,Sudden headache,,
650,Screen phrase,Fever with temperature above 39 °C (102.2 °F),39 °C (102.2 °F) से अधिक तापमान के साथ बुखार,Fever with a temperature above 39 ° C (102.2 ° F),,
651,Screen phrase,Abdominal pain with vaginal bleeding,योनि से रक्तस्राव के साथ पेट दर्द,Abdominal pain with vaginal bleeding,,
652,Screen phrase,Capillary refill > 3 seconds,कैपिलरी रिफ़िल > 3 सेकंड,Capillary refill > 3 seconds,,
653,Screen phrase,Weak and fast pulse,कमज़ोर और तेज़ नाड़ी,Weak and fast pulse,,
654,Screen phrase,Heavy bleeding,भारी रक्तस्राव,Heavy bleeding,,
655,Screen phrase,Heart rate < 50 or > 150,हृदय गति < 50 या > 150,Heart rate < 50 or > 150,,
656,Screen phrase,Any burn at age over 70,70 वर्ष से अधिक उम्र में जलने की कोई भी चोट,Any burn injury over the age of 70,,
657,Screen phrase,Snake bite,साँप का काटना,Snake bite,,
658,Screen phrase,Violent or aggressive,हिंसक या आक्रामक,Violent or Aggressive,,
659,Screen phrase,Sexual assault,यौन हमला,Sexual assault,,
660,Screen phrase,High-risk vital sign — heart rate < 60 or > 130,उच्च-जोखिम वाइटल साइन — हृदय गति < 60 या > 130,High-risk vital sign - heart rate < 60 or > 130,,
661,Screen phrase,Dehydration,निर्जलीकरण (पानी की कमी),Dehydration (lack of water),,
662,Screen phrase,High-risk respiratory rate for age 5–12 — ≥ 30 or < 10,5–12 वर्ष की उम्र के लिए उच्च-जोखिम श्वसन दर — ≥ 30 या < 10,High-risk respiratory rate for 5-12 years of age - ≥ 30 or < 10,,
663,Screen phrase,High-risk heart rate for age 5–12 — ≥ 140 or < 70,5–12 वर्ष की उम्र के लिए उच्च-जोखिम हृदय गति — ≥ 140 या < 70,5-12 High-risk heart rate for age - ≥ 140 or < 70,,
664,Screen phrase,Blood in stool (dysentery),मल में खून (पेचिश),Blood in the stool (dysentery),,
665,Screen phrase,Severe hypertension in pregnancy — SBP ≥ 160 or DBP ≥ 110 mmHg,गर्भावस्था में गंभीर उच्च रक्तचाप — SBP ≥ 160 या DBP ≥ 110 mmHg,Severe hypertension in pregnancy - SBP ≥ 160 or DBP ≥ 110 mmHg,,
666,Screen phrase,Vaginal bleeding in pregnancy,गर्भावस्था में योनि से रक्तस्राव,Vaginal bleeding during pregnancy,,
667,Screen phrase,Active labour,सक्रिय प्रसव पीड़ा,Active labour pain,,
668,Screen phrase,New swelling of face or hands,चेहरे या हाथों में नई सूजन,New swelling in the face or hands,,
669,Screen phrase,Read by OCR and matched to the PMBJP generic list; not part of the record until a nurse or doctor confirms each one,OCR से पढ़ा गया और PMBJP जेनेरिक सूची से मिलाया गया; नर्स या डॉक्टर के हर एक की पुष्टि करने तक रिकॉर्ड का हिस्सा नहीं,Read from the OCR and matched to the PMBJP generic list; not part of the record until the nurse or doctor confirms each one.,,
670,Screen phrase,matched on intake data,इनटेक डेटा पर मेल खाया,Matched on intake data,,
671,Screen phrase,systolic BP,सिस्टोलिक BP,Systolic BP,,
672,Screen phrase,Systolic BP,सिस्टोलिक BP,Systolic BP,,
673,Screen phrase,diastolic BP,डायस्टोलिक BP,Diastolic BP,,
674,Screen phrase,Diastolic BP,डायस्टोलिक BP,Diastolic BP,,
675,Screen phrase,pulse,नाड़ी,pulse,,
676,Screen phrase,temperature,तापमान,Temperature,,
677,Screen phrase,respiratory rate,श्वसन दर,Respiratory rate,,
678,Screen phrase,Respiratory rate,श्वसन दर,Respiratory rate,,
679,Screen phrase,shock index (pulse ÷ systolic BP),शॉक इंडेक्स (नाड़ी ÷ सिस्टोलिक BP),Shock index (pulse ÷ systolic BP),,
680,Screen phrase,Shock index (pulse ÷ systolic BP),शॉक इंडेक्स (नाड़ी ÷ सिस्टोलिक BP),Shock index (pulse ÷ systolic BP),,
681,Screen phrase,AVPU level of consciousness,AVPU चेतना स्तर,AVPU level of consciousness,,
682,Screen phrase,matched on intake data — {src},इनटेक डेटा पर मेल खाया — {src},Matched on intake data - {src},,
683,Screen phrase,Ask / measure: {n} (a RED rule depends on it),पूछें / मापें: {n} (एक RED नियम इस पर निर्भर है),Ask / Measure: {n} (a RED rule depends on this),,
684,Screen phrase,"""{f}"": {w}","""{f}"": {w}","""{f}"": {w}",,
685,Screen phrase,Document check on {e},{e} पर दस्तावेज़ जाँच,Document check on {e},,
686,Screen phrase,Second OCR engine read the reference range as {r},दूसरे OCR इंजन ने संदर्भ सीमा {r} पढ़ी,The second OCR engine read the reference range {r},,
687,Screen phrase,"{t} is {v} /µL, but {p} % of {w} is {e} — one of the three is misread","{t} {v} /µL है, पर {w} का {p} % = {e} — तीनों में से एक गलत पढ़ा गया है","{t} {v} / μL, but {p}% of {w} = {e} - one of the three is misread",,
688,Screen phrase,"Globulin is {g} g/dL, but total protein {p} − albumin {a} = {e} — one of the three is misread","ग्लोब्युलिन {g} g/dL है, पर कुल प्रोटीन {p} − एल्ब्यूमिन {a} = {e} — तीनों में से एक गलत पढ़ा गया है","Globulin {g} is g / dL, but the total protein {p} − albumin {a} = {e} - one of the three is misread.",,
689,Screen phrase,"The A/G ratio is {r}, but albumin {a} ÷ globulin {g} = {e} — one of these is misread","A/G अनुपात {r} है, पर एल्ब्यूमिन {a} ÷ ग्लोब्युलिन {g} = {e} — इनमें से एक गलत पढ़ा गया है","The A / G ratio is {r}, but albumin {a} ÷ globulin {g} = {e} - one of these is misread.",,
690,Screen phrase,"Indirect bilirubin is {i} mg/dL, but total {t} − direct {d} = {e} — one of the three is misread","इनडायरेक्ट बिलीरुबिन {i} mg/dL है, पर कुल {t} − डायरेक्ट {d} = {e} — तीनों में से एक गलत पढ़ा गया है","Indirect bilirubin is {i} mg / dL, but the total {t} − direct {d} = {e} - one of the three is misread.",,
691,Screen phrase,"MCV is {m} fL, but PCV {p} ÷ RBC {r} × 10 = {e} — one of the three is misread","MCV {m} fL है, पर PCV {p} ÷ RBC {r} × 10 = {e} — तीनों में से एक गलत पढ़ा गया है","MCV {m} is fL, but PCV {p} ÷ RBC {r} × 10 = {e} - one of the three is misread.",,
692,Screen phrase,"VLDL is {v} mg/dL, but triglycerides {t} ÷ 5 = {e} — one of the two is misread","VLDL {v} mg/dL है, पर ट्राइग्लिसराइड्स {t} ÷ 5 = {e} — दोनों में से एक गलत पढ़ा गया है","VLDL is {v} mg / dL, but triglycerides {t} ÷ 5 = {e} - one of the two is misread.",,
693,Screen phrase,"Total cholesterol is {c} mg/dL, but HDL + LDL + VLDL = {e} — one of the four is misread","कुल कोलेस्ट्रॉल {c} mg/dL है, पर HDL + LDL + VLDL = {e} — चारों में से एक गलत पढ़ा गया है","Total cholesterol is {c} mg / dL, but HDL + LDL + VLDL = {e} - one of the four is misread.",,
694,Screen phrase,"Non-HDL cholesterol is {n} mg/dL, but total {c} − HDL {h} = {e} — one of the three is misread","नॉन-HDL कोलेस्ट्रॉल {n} mg/dL है, पर कुल {c} − HDL {h} = {e} — तीनों में से एक गलत पढ़ा गया है","Non-HDL cholesterol is {n} mg / dL, but total {c} − HDL {h} = {e} - one of the three is misread.",,
695,Screen phrase,"{r} is {v}, but {a} ÷ {b} = {e} — one of the three is misread","{r} {v} है, पर {a} ÷ {b} = {e} — तीनों में से एक गलत पढ़ा गया है","{r} {v} is, but {a} ÷ {b} = {e} - one of the three is misread",,
696,Screen phrase,"Urea is {u} mg/dL, but BUN {b} × 2.14 = {e} — one of the two is misread","यूरिया {u} mg/dL है, पर BUN {b} × 2.14 = {e} — दोनों में से एक गलत पढ़ा गया है","Urea is {u} mg / dL, but BUN {b} × 2.14 = {e} - one of the two is misread.",,
697,Screen phrase,Reason (optional),कारण (वैकल्पिक),Reason (optional),,
698,Screen phrase,any reviewer,कोई भी समीक्षक,any reviewer,,
699,Screen phrase,"doctor, with a reason","डॉक्टर, कारण के साथ","The doctor, with reason.",,
700,Screen phrase,AI summary not available — template summary shown,AI सारांश उपलब्ध नहीं — टेम्पलेट सारांश दिखाया गया,AI summary not available - template summary shown,,
701,Screen phrase,Weeks of pregnancy should be 1–42,गर्भावस्था के हफ़्ते 1–42 के बीच होने चाहिए,The weeks of pregnancy should be between 1-42,,
702,Screen phrase,Not measured,मापा नहीं गया,Not Measured,,
703,Screen phrase,Exact patient ID,मरीज़ की सटीक ID,The exact ID of the patient,,
704,Screen phrase,{f}: should be {a}–{b} {u},{f}: {a}–{b} {u} के बीच होना चाहिए,{f}: should be between {a} - {b} {u},,
705,Screen phrase,Care received — confirmed by {who},देखभाल मिली — {who} ने पुष्टि की,Care Received - {who} Confirmed,,
706,Screen phrase,Care received,देखभाल मिली,care was received.,,
707,Screen phrase,"e.g. Dr Rao, casualty, District Hospital (phone)","जैसे डॉ. राव, कैज़ुअल्टी, ज़िला अस्पताल (फ़ोन)","Like Dr. Rao, Casualty, District Hospital (Phone)",,
708,Screen phrase,"e.g. Dr Rao, casualty","जैसे डॉ. राव, कैज़ुअल्टी","Such as Dr. Rao, Casualty",,
709,Screen phrase,Next,अगले,Next,,
710,Screen phrase,Referred to,रेफ़र किया गया,Referred to,,
711,Screen phrase,Advice,सलाह,Advice,,
712,Screen phrase,Printed in English and machine-translated into the patient's language.,अंग्रेज़ी में छपेगा और मशीन से मरीज़ की भाषा में अनूदित होगा।,It will be printed in English and machine-translated into the patient's language.,,
713,Screen phrase,What is sent,क्या भेजा जाता है,What's being sent,,
714,Screen phrase,Measured,मापा गया,Measured,,
715,Screen phrase,Known limits,ज्ञात सीमाएँ,Known Limits,,
716,Screen phrase,"Our own code, MIT","हमारा अपना कोड, MIT","Our own code, MIT.",,
717,Screen phrase,"Translates the patient's words into English for the doctor, and English advice into the patient's language.","मरीज़ के शब्दों का डॉक्टर के लिए अंग्रेज़ी में, और अंग्रेज़ी सलाह का मरीज़ की भाषा में अनुवाद करता है।","Translates the patient's words into English for the doctor, and the English advice into the patient's language.",,
718,Screen phrase,Government of India service terms,भारत सरकार की सेवा शर्तें,Government of India Terms of Service,,
719,Screen phrase,QR code with your patient ID,आपकी मरीज़ ID वाला QR कोड,A QR code with your patient ID.,,
720,Screen phrase,Yes — pregnant,हाँ — गर्भवती हूँ,"Yes, I am pregnant.",,
721,Screen phrase,Yes — 2 weeks or more,हाँ — 2 हफ्ते या ज़्यादा,Yes - 2 weeks or more.,,
722,Screen phrase,None of these,इनमें से कुछ नहीं,None of these,,
723,Screen phrase,Sweating at night,रात को पसीना,Sweating at night,,
724,Screen phrase,Is there blood in the stool?,क्या मल में खून है?,Is there blood in the stool?,,
725,Screen phrase,Yes — blood in stool,हाँ — मल में खून,Yes - blood in the stool,,
726,Screen phrase,Yes — a few times,हाँ — कुछ बार,Yes - a few times.,,
727,Screen phrase,Diabetes (sugar),डायबिटीज़ (शुगर),Diabetes (sugar),,
728,Screen phrase,High blood pressure,हाई ब्लड प्रेशर,High blood pressure,,
729,Screen phrase,Heart disease,दिल की बीमारी,Heart disease,,
730,Screen phrase,TB now or before,टीबी अभी या पहले,TB now or before,,
